4409850 1371220 2069934 1500119 7734601 2463164 4216025 7173234 9962077 9232540 6335734 4356303 6557092 7915014 3093755 3179191 331165 6990350 2973538 4713096 2312760 4026287 1713343 4341718 4144112 1005196 5863705 2316468 399248 2908746 6518343 1961775 
8970252 1775365 1161178 1839797 1098002 3124621 6182303 3681043 8906734 9098101 3809749 9210440 7701216 7795572 8298777 1190922 6807475 419653 2214576 6553221 4234005 4683511 9016057 2165365 7713603 6635555 4054856 6071208 8300528 3525000 3335217 7736388 
4135576 1798948 4294988 5254650 5806945 4887596 5392353 4900869 8257204 2399721 2515409 4532617 7437860 2791047 9761825 2379413 8595009 7758540 4410696 8803441 9646421 4153066 6418592 7445525 8614255 2712037 1039793 1800327 8633740 876620 4804407 5750070 
238976 4818135 47255 5672377 397334 9111445 6706656 2786433 6808456 5251605 1761521 9527996 4351084 8692236 5298590 77220 2673414 3966623 4310872 7341724 1970986 2546991 9116067 1772857 3367791 8022485 4282661 1068099 6556922 8514926 7208978 726290 
3219953 9184853 2383710 1416010 7796628 3402556 3942684 3773967 9235557 4039958 6520151 8739582 1444377 8984149 2122147 1646740 8621934 4326698 9132919 8034329 7787661 8227516 1935956 8735903 903991 6764407 6514180 9721459 9953005 2838545 2352073 8340153 
7361439 1549928 5914828 9196189 9044050 7993417 8761597 1969193 1850663 2597128 9740936 3616629 493712 5102795 7032561 4617534 3115141 2868891 5971379 969160 4013908 9110738 2599949 2679612 869432 6345786 7453968 9979059 7832218 9719836 3231649 8041974 
546647 8814306 4006605 7644371 121012 7168640 1304334 2503155 6965660 279637 7478360 3963577 4558420 3231722 570990 1447346 4514776 1751157 9781761 2342777 6842380 8328997 9024917 1843298 6664398 576348 5017493 9141022 3938683 9130256 7934115 9246312 
9723014 4490777 540860 2207785 3734203 3076202 3661712 2380834 9917913 8877481 2503109 1784344 8973954 9971014 5689672 5045461 3855723 3487333 2376084 694138 125480 5623314 7261143 7544325 6592916 6045676 395254 4383188 3342671 1254754 4431947 400301 
8964926 2816777 8534313 7229154 2793616 2631533 7753833 6045313 6239733 5492113 5141418 6062244 2440694 6259681 8450499 5726018 7178351 8842746 2521710 3180670 2973112 7966643 9754887 832579 6431602 4862772 3786664 9557401 3982398 4801035 2481164 4843940 
9798962 2636733 3439102 7193997 1496889 4587767 3087174 911473 1889531 4405758 4816389 7206968 233467 1451177 6473580 3003765 2603925 7891140 8201114 4073783 8249446 9238234 7548765 4672681 1053561 8538397 1961235 2048219 709800 8769928 6523586 7943684 
1066423 552888 5199208 451673 253176 4504372 7651817 4046217 4649937 913622 9068711 2774113 781748 3236214 1553663 3159353 4018211 5403850 545807 4977959 3687782 7945365 2561863 6952370 1443457 5467465 6897747 3452456 3087826 4727232 5457665 2253805 
799317 6500069 8789083 2858697 5872182 6341115 3512339 8229114 6671568 3647277 7306715 6902884 2348326 5597507 8561712 7090889 8619048 3777187 1361646 8949134 3044842 2113886 9927420 8975786 1986428 3682967 4577079 7545549 8976871 6639313 8758300 8808119 
557999 8768564 9919455 9350065 1951263 6393730 467868 9039679 9245090 8608791 3058557 1977547 4220833 3447238 8822813 9874067 5184493 5762037 4829405 8938646 1840854 9961740 4605432 6907142 3996636 2595947 2962241 2760053 760029 851772 164170 1860786 
1055184 9023801 1907466 7465863 8898906 4328560 6844044 7341866 3735157 680228 7192161 74338 6435867 1087188 6739742 3810770 5692301 9133192 7426219 2694645 5833029 5332100 2368519 582592 5960643 8195239 541450 2892985 2604722 1295728 6787009 8369197 
9937050 2648287 4820028 6470661 2279548 5644895 4516619 7046699 7117004 2561841 9848336 7169455 5170826 9686611 1461080 8758997 5121519 6360690 4533897 212936 8330529 3700792 9874049 895034 150292 9945214 7722131 8962336 6928189 7534565 2917258 9952469 
2226853 3482279 8952547 742850 8365052 3074907 2403182 3972942 53877 4945664 3184238 2093944 1778964 1684580 3750452 2966781 3160847 886813 1345758 9483747 2772696 7803771 5487355 4491873 7264791 9704897 4538936 2058705 9996527 7015110 329971 3048289 
9298634 2173723 4003671 1448589 523955 2927632 1531129 9961728 1826402 2063086 8188730 924457 8026209 2940659 2335963 5538572 8406445 5091031 5928521 9236374 5579588 2650796 6105805 1120240 6076124 2290947 8372243 963417 7374824 3925787 3799444 862739 
9376714 8301225 4943506 5553010 7259443 9659125 3857057 9612420 540304 2014202 4195254 1488707 7866791 6330918 6727373 5850833 3293305 4148609 9943856 271651 7769514 8388222 3372105 5487298 3289322 25619 4799958 5858749 9491785 8262181 8167437 2442830 
1156174 7252218 7553739 7594795 3679396 178559 1923433 8638732 8688797 8099421 9843300 3331919 668842 9814630 4286558 6217916 5491323 7533598 535849 5791853 6721394 420201 8379683 1023575 8897903 4060881 2709186 856443 7780008 2690763 7846639 922569 
8686443 4955055 6593361 5179687 4284851 9825253 2164916 997654 4927487 9785447 6915195 8888839 20558 8610030 7236680 9434378 9257802 4652378 3477554 5285652 1676526 6861567 9499157 5856597 8977039 8734795 3600388 9105786 5702742 3120936 1786437 5444485 
2473366 9743640 8381199 8129168 8387741 1930473 1849637 5914083 6376548 953176 6267685 1309507 1906768 2382851 3448059 6718909 9332293 2221045 1178357 9265359 6995759 9449201 4245142 1011349 2063457 9325236 2151130 2745726 8240707 5290431 8879663 5095359 
116176 6380107 7044859 6499028 120804 6432569 4764188 5992285 2701217 3786063 8399054 1526325 3115604 1341476 5740659 7540258 9359330 7223596 6419192 904852 5160316 9865457 7139896 7533219 3328112 502326 7141805 1539759 5760391 5256203 9231355 4676644 
7140524 4299972 8475174 295267 5524528 4309970 8684035 1096826 1444608 9990657 7868482 865312 3073596 2416642 816920 459704 6278415 1586284 9520695 4267993 2847252 5947310 4302486 8006766 6620451 3987199 518862 4115264 9417670 3628257 4045619 7269614 
4731805 1647616 9599339 8017552 9336949 2805075 6036137 9432984 6908606 4139331 1957457 8247539 3374855 7219311 422013 4818524 6906824 924072 2218889 6977892 8570024 163103 8475647 2106080 1586138 6012677 6419264 4565658 3440746 9486797 8959378 9030723 
22357 8780362 4879759 5033206 2196720 4251910 1367170 9565835 1665318 4782425 4572092 836535 453924 9152414 5178288 2945059 2371743 9911636 218272 444844 4303721 5324454 2454477 207900 3191767 6799911 379655 1272679 7647434 2151075 4799830 3016991 
5551508 1187750 6583812 9072922 8264152 8690923 5667252 725549 5125230 1534268 6199595 9478201 8132730 5662367 4432703 7117277 6895820 4709129 5547732 1031796 9516938 5626487 1332520 1918118 8900740 9861919 3732163 2287236 4069042 7478859 4760526 3335594 
2229207 4164212 638099 9921915 3656847 6892106 7975182 7178245 1836246 9327060 306702 7456333 2590640 2827487 3109959 4397378 9066060 2133380 2501999 8508842 7806662 4617264 9384563 158692 7829792 6110161 4592017 7523466 1590105 7892700 6373117 7021599 
7104966 3900532 3608763 8198547 3680995 2598830 5821484 2386843 498997 5430935 3616361 327447 2573680 3391601 8554536 6548994 5484551 4969461 5541889 6305967 4186406 6202766 2702442 7005540 9777706 6868918 8459264 6544074 4098150 8670717 2636079 425266 
6331464 8883579 732817 9853818 1426942 22452 6751561 7742864 8254064 1493123 8300816 613208 946604 8533696 2625906 1325421 9056686 2548432 8106577 7356603 5841724 4644580 9083358 3651300 2322370 2683496 9289138 1978681 2574520 1968596 3190882 4676190 
6097726 8783661 1122891 4210264 7571979 7173038 2277056 9505678 9968345 1760776 7671063 5736877 3976916 2581312 1268319 5313430 2661582 3428060 7428268 9578531 7509114 8038781 3885432 655674 7714369 8888956 6619839 9102031 8007270 6808815 5544489 7303459 
7572559 4260879 2152476 7799420 5780373 8797926 1642169 3181341 8471732 4760498 9131831 6985895 5790904 7464303 3739350 1564932 465045 7260285 7326044 8300298 7095473 3628820 1228481 1619210 2304037 8455518 3312573 4947177 7016350 8888392 7815071 3168193 
5037840 3682764 6241675 2562789 704130 1558666 258060 494993 1771407 402792 2380090 8167939 7975392 1372617 195746 6652054 7189470 5614926 6737125 8891502 3418514 7884881 244921 7016907 8254210 9342470 2449923 520477 600793 8179614 3967129 9217630 
9048568 2873302 5385693 4259446 9956475 9324075 1190082 2132765 531959 7735937 3692494 7950033 7705876 492770 9891407 6443796 3008224 3707560 4725136 4519825 7006662 613389 493245 6930471 2556474 3056194 7637100 6930765 2354091 1342266 7960079 9603138 
7274176 4331435 6467262 2598707 7170953 7851762 7709117 1789380 1617543 9787897 2113351 7427209 4446692 2552105 8604140 376192 1849613 5256062 6546951 6895774 7198635 4145484 1663031 6065642 6074016 7120138 4017313 5845148 7687709 5158122 8085704 4637099 
6511171 9002787 2001423 2418698 3878786 6328316 2995580 4165234 7930400 737196 8709588 6457256 1866919 8005530 9250378 2327995 5365012 1769732 8726223 3606284 9679857 243277 3988253 8855172 6588070 1936533 693962 8695114 357753 2830868 2952413 4594986 
7226475 2627458 5757569 7035930 344889 2472353 3526108 5688300 6535034 2338475 6785417 7340097 4810515 9155103 3984612 6447538 804116 5943991 992900 6759705 2090599 9483882 7492272 8874290 1223903 2224808 5360839 8164005 3841932 8071732 5752712 340762 
7398635 5639359 5714985 8053569 4775709 9017807 8297822 8843496 949648 5789295 6653313 5707552 7618278 2204754 7528119 3898646 7298272 8006426 4875628 8915928 9841963 698970 7828730 8833241 695141 1079943 5433591 4609492 9753985 5350946 5999384 3310129 
8512713 7543649 6999440 5361650 2123734 276404 3901351 1828418 2651985 6464327 8969665 9707801 1856084 5746429 3739566 2927511 2350430 2127163 6862978 1190584 1454098 4448933 4552784 5933392 9798297 9556551 3253061 8883280 8318694 183399 4391382 2558724 
381631 3204077 5614309 5593756 1546869 1596625 7129041 2615448 624335 6006126 1991712 1555342 9142011 1112408 5227762 3589673 7427271 5578681 2386902 2880831 1735182 9249767 8117659 1369813 548140 2827166 9668057 8309008 8114508 2178536 9199149 9781727 
3006189 4548173 5559531 7355840 9338135 1430693 1960631 7552596 5962384 2399186 178703 1988709 3184508 2953398 9053884 6074065 2895553 7345352 6789012 9744368 5914480 1710312 9304065 1621359 7298043 401916 5550664 1838123 4545422 1756464 6640023 5778642 
2108611 6186838 4645841 8415012 4810242 7757573 4446123 7803375 9145856 3428446 5302046 1856057 2681459 5162916 5186651 5312562 3870058 4274816 3801343 9058306 2934703 2898897 5044837 3623495 7099900 1202788 5257672 1100967 1468061 7934641 835349 6080275 
9981584 6800729 7295315 4763422 4800983 6424419 23473 205102 9283763 8265113 5283185 7172122 2033817 7209750 6032401 2512776 748486 1497665 6623115 4855139 3962541 9659035 6554606 4321442 6814045 8886612 2645167 4098420 9555569 9716334 6858807 5404909 
6166702 5390535 4756909 4135855 9965244 3393759 3696685 5238115 668927 6094217 6980061 2655427 9064944 3105549 6699303 2595266 752839 2782500 766895 6035525 710870 2064316 948787 7029422 6975362 5265240 5156873 7888331 9784846 6640412 8894697 5334984 
6936246 5140173 3663327 7141291 7740797 9455117 5283004 8879936 2231647 9701265 2025888 8984827 9668362 3382301 5335871 3345752 7409087 276608 2489116 3224004 3960936 4553389 2902687 6938766 5022967 2102320 8259587 7272357 3976114 8006412 5481869 288215 
88388 8497910 5853809 4934355 583879 363398 8486477 6623030 1826214 511219 9193779 2439821 8756752 7284720 2631260 867447 6850439 8908419 2880587 744172 2516461 927447 9283478 5979896 2843349 4681893 6845609 5949629 7714105 4370876 1212220 742012 
6935776 5131336 6427679 7693355 5523735 2572145 6145714 4847997 9814693 9827903 1086807 9989110 6610584 8597521 5373151 5847815 5009599 3648522 9692989 8950123 7600461 5711257 6906940 4457245 6613328 3787964 9462241 65301 7655413 8345938 1627462 725745 
9147002 3714078 8188425 6164349 9967950 5226167 9001004 3082598 3214006 4419789 8143398 435031 588844 8176462 7573193 5237090 1094442 7179758 8562422 23126 5635865 8809982 7524948 4079077 5356005 6651402 1028106 467618 3750886 332081 8537207 8852104 
7035537 8563971 2516861 3017003 4708877 1789197 3676983 8282114 3891064 5163185 7305085 2093780 6566377 8608372 6707990 6328024 2457744 5422346 126571 6817853 5649532 1514050 8708156 2664066 4493735 5146742 3858419 8737187 4011811 8086869 8445939 2307023 
1640511 3099311 1723420 1322372 7467502 5466433 2375354 3018172 9012310 7140246 5498228 97361 9404805 9142760 1351789 8673581 916090 998739 3206362 8598688 5975829 7870636 2977192 9688665 8185662 2253477 9655666 6952604 6580915 6772904 6851765 9037024 
7950942 5284867 7320454 3130592 6644723 6687765 3250319 3924402 5124378 4184697 1526363 3201589 833986 2621609 7207563 8730198 3099338 1249832 9840218 7537582 3658087 7203553 2470549 7082471 2006209 9245737 473506 6257030 7591999 4585367 7957584 8836069 
5080676 3461625 594886 763765 70456 3176835 8160267 6172654 5862640 7735601 3413575 8532939 7965706 4483376 1036569 6729678 9406060 9742566 8532569 3446742 2640542 340253 8086899 7053688 6620095 2643899 149703 1555761 7791051 6864606 3079901 5632628 
1040663 232268 572421 1070240 8774142 8976540 7246175 2326935 9468725 2605583 4467407 1858929 29315 289232 8086014 4462612 4043262 3448566 5354599 5634602 3272644 766277 2099772 4441142 3226331 8221868 4828281 656858 1816895 3790711 7241092 97968 
3722675 7762864 8254620 3146443 6606041 9319387 5719201 5868859 8647710 5539679 9837431 8058525 7139200 7115284 384521 81129 860534 5601810 5171634 8753233 9611855 747355 5097622 9684142 6171624 9200215 8733209 2518377 7323880 8469937 674938 124746 
7349146 3179436 1839295 8295900 5370896 4653735 919354 8845781 8797484 3129278 4490611 3795281 376714 1210366 8088621 629845 2050661 6446725 495173 7070072 4379139 4694975 2696223 963734 393364 7972515 5640454 9560902 9578624 1063645 2651589 3307448 
3016796 5791458 7716774 2032004 884873 648107 9592376 4354514 8186175 8483523 5365628 7742001 3310866 7617067 7538505 2595753 859476 8167063 2134082 665404 2933984 9932566 6383423 7731213 8067948 137476 6200822 8018940 9735543 7258756 2750903 5555272 
5273605 3618986 203042 9880256 3104668 1509198 805574 1691120 5765024 5396630 6977 5761331 7951666 6946226 9118923 2109693 5964378 9953506 7113958 2851182 2154382 4661368 5864493 2863669 4747064 3284022 1360919 6563768 4739566 4791212 1720170 8701761 
5586402 3115947 490322 6284765 4324546 1160204 4977940 5301287 5314856 6309200 2693042 7853261 4630064 8482774 9782363 3762963 3623235 8075375 7002667 4940972 7517003 8737133 6499818 8820357 5070659 6169546 8377270 6190374 7954788 9846094 8819465 8717456 
4430502 634347 5658496 9892937 9250688 5686029 445522 1771598 6130328 1533272 6369072 6883961 2568435 4654397 4923069 1003555 5559925 9917779 6423531 7664495 1068287 9142443 4692152 1764567 6888028 4143092 441767 4317303 9724822 8476283 666834 8469831 
2285105 8983509 531246 1026148 8540238 5754904 6074849 773278 6110703 3509765 7567643 5200287 7659765 8803789 2990601 2116478 187017 4329722 7781697 7098003 5434275 1312573 2406122 9593247 5122047 8358243 351496 8255369 8463458 2698933 7919755 158736 
39733 1584905 8116621 2805153 356571 2158180 6971492 684561 6609247 3679986 560649 4814645 5182497 2724428 5259334 5677565 3524002 3002602 8688475 746599 4357916 3923113 7845585 3297026 7793253 5828366 7336341 4172688 1854970 7841762 5596791 2272834 
1928714 532744 9994335 6596631 3762946 2135814 1513077 8950741 7937501 1972086 5156343 283656 8315377 7632981 732609 6857564 4392756 1122153 8656675 2240139 2008347 2035177 2215448 8700783 4484618 9317631 7762787 6524032 1156853 79015 4906721 7277244 
4447811 7950171 4254147 2060018 6321830 452079 4923418 4242049 6264710 3622370 6066454 3230810 4717422 8643615 5425887 488149 2611414 3631278 9775351 3192383 7749045 602683 3627849 7422520 7479843 3669488 8161329 9572897 9757152 8408455 7834335 189418 
2690255 3013248 4845752 6892439 4572310 9707691 2323998 9768169 7187546 9104783 248982 6334513 9573983 8579361 1192099 8355951 7020396 9159748 9327855 2505197 5339708 5560234 7813406 2559902 6488969 4087271 3610866 9155963 6845012 8690424 584040 8583388 
2650324 9720071 9771469 3510282 4332147 6174343 2782372 3934937 4849298 63284 2436496 9666183 183390 2666965 9469388 9076074 9077471 7296917 7188292 690276 2095149 9312439 5788177 418643 2478405 8583437 3776861 6433819 4208303 1112361 8350593 8664994 
2282334 1587744 2491390 3010224 8056500 8457417 1951493 7762065 2530080 6798216 1458944 7408490 7150911 354172 4811785 5711617 3704072 393519 4515698 4290438 2471881 2015149 6368645 9613937 2420019 3628612 8352390 5095758 1204042 5630800 6258813 6016452 
5148307 1836097 4242466 2876652 7891175 7591957 7397120 1236726 1442635 5858630 4177578 6091672 9795962 8692799 1741705 5944909 2876844 388391 6902775 4938530 9875742 335057 8800376 5013477 7216474 6129431 1956036 6091518 5103836 3935452 3394253 4875790 
7723107 911357 2624709 8237086 4050886 710514 9020355 5954942 7538788 4854232 8886463 2610013 5390084 6012064 4124000 3176583 657969 5050791 4778503 568975 6432729 520571 4854168 3782070 7824957 8148787 2199590 6576541 5048182 3845595 2755544 5490443 
9488284 9339735 2495316 6569697 3484114 8561996 4101241 495775 5414398 1117513 445526 6061841 3855908 2592608 4190131 2153603 4929995 6587842 378639 7434449 9844777 2041453 3695353 7645547 1170323 8066444 9706306 9509704 9666179 6701445 7009607 4103787 
593754 2064990 9065578 5408782 6968180 3149852 7082581 7396162 2711556 6922360 6011599 6032693 9520716 9638121 6806737 2140933 3699111 1765507 1073259 2722017 4194692 3379923 5014820 5212158 301783 9597276 565962 4849361 8599720 8385086 9015652 9808816 
9708317 6749990 8050508 2561209 4561410 4901869 7472320 958963 9880662 2487728 4693091 6771610 3831868 8645434 8466630 3956711 3880633 384960 1012788 1495729 8167518 1256611 8840943 7549924 4809786 4041325 9540690 3338378 8623505 281419 1276562 6119191 
1065830 9031 8043717 299905 8994973 7840743 7750341 7995429 4591706 9746202 1342217 3008917 61769 9111003 6482604 8736317 1437282 8799134 8577215 2459329 440617 2993758 4787693 1795172 330133 519018 6101864 2266890 4926852 4496048 4748421 903678 
7590225 6128192 1098186 8000252 5280994 8921821 2030537 8484629 9218349 2047502 7048358 9987994 1783548 2403263 9378649 6088246 2763323 5733875 9609966 2937597 4643234 3311232 7589271 3046583 9801517 2896343 6743466 7087001 9283498 3764422 4970733 118655 
5116712 6766507 1577184 6405836 9898435 2511554 8411097 5524962 8554748 8449469 9333684 5756420 5284116 7301021 3069634 1647379 532629 3411246 2288922 7221723 3633875 195193 7430540 3796390 6174059 2463212 1036360 5628947 2670970 2739277 5090514 7225782 
9533216 8154491 4063365 8682610 6165325 1591574 8906451 9796248 8712400 593386 7331147 4143113 768534 6761015 525487 8925248 2482520 3248094 5585762 7460678 5241262 431799 5712887 3618239 2408801 3169297 966997 5584969 8547967 5080245 3948102 357302 
2594955 9630393 9213037 2919665 6223740 644746 6009478 3217292 817801 5820693 1062152 9241061 3281725 9317117 4721443 9080250 2015605 1600322 6269809 5038540 301835 283312 7428966 556383 9080542 4550970 1542016 7588020 7478309 9640368 1002145 3498054 
6737249 909755 7220815 1348716 8421040 1393134 7469260 9366617 7402650 4513784 7808541 6703025 9957475 9149887 4159735 903466 2042351 6451507 5462015 8777580 2532828 2985922 8438934 6060446 2280495 941878 4663604 4081888 4190052 8129547 9174070 6954399 
135553 2373500 768013 8093744 560425 3327728 5798231 5611064 7105497 8145712 6484015 3374794 4561256 1841226 4759225 5756171 7546388 8290960 689551 1596394 2349672 7220368 5139086 1990171 5413807 7013795 5300587 7541627 1387848 9232793 351381 1334083 
4023959 4510415 2614471 1326134 6540355 9608197 1198927 8541690 3328847 2986490 7624831 2254207 3933558 1735788 7006477 5408636 9408632 986055 4686266 1738446 8691902 6269341 2596107 1558907 4192136 6156712 5182192 5833648 6383004 5075280 6197429 832770 
3572194 9470312 3041242 4931812 7450078 6211098 8699822 6345833 3768738 1524339 1613070 1075366 7235993 4973414 7205504 3042597 953471 5726737 4274895 3158236 9125680 6273815 7412119 2170460 9243582 2268836 7947392 6570793 7996521 2724911 6780638 3676258 
3833017 3603149 1773010 8069013 3105619 6177862 9558171 7302580 6417838 8678686 1393964 5790994 2549389 2091110 3179379 5260115 965741 6189687 281046 3494533 6843625 7435684 3135090 2102287 4899889 8314509 6863030 8378530 3838779 3906237 1387412 1793733 
1774582 2871657 5906201 5661905 3145317 3295209 6579082 2923645 179143 7054860 3583543 1489742 8150072 7946269 2133295 1405151 4371744 6139110 9655796 7392629 8008753 9211303 3910639 7694633 375204 4877941 6194223 7833863 6302682 2832866 6313042 679733 
2444214 1336190 5351044 5551734 8931679 2883103 934024 722276 3831317 2152386 6132524 8144951 8572078 4743779 7812862 2580702 699784 4631693 610744 9512784 9556164 6619693 9167235 9120093 6769491 7588910 2738204 2946360 178710 89684 7602420 4535410 
8144581 630019 7292801 5321156 2696807 3394293 7220459 6644867 8036721 2252417 4108465 4309613 543296 7850795 8542423 5573035 4435705 7830870 4548949 1070443 8632068 7914936 1663555 4212575 401396 4542145 826581 6411220 2011344 1637267 1402609 5316208 
3128139 8287211 9469454 4640202 9835723 1172134 7003792 9882757 6592043 1687671 1855203 2840108 1375888 7380587 2683787 8912032 1101683 3545611 8973762 45815 9455817 3420184 2936483 3513425 8098630 460759 277715 7983156 7061330 2456826 1514778 6782367 
8288058 9612043 38512 251730 3525998 6453016 3088362 2189935 6331720 9126074 9920679 9271382 1598135 3065694 4096510 6831935 7835340 1374196 4881776 8350541 3261236 9119162 7649223 1703784 6467180 8223330 6396613 224998 3939643 5841386 8680349 125605 
4214304 9530158 1425211 8162786 7560424 1603076 1568946 4368798 3992043 5786289 3489932 4700623 8010587 1515097 7957248 3636692 1176357 1682726 909958 6137558 4269077 3460238 9428472 1071583 5440999 4612018 2337434 3550496 1700127 4228601 275652 7319706 
8514053 238187 5944998 8007996 2647460 9252874 4701736 899994 7637508 9707823 167330 1747095 3141135 4039328 9450613 5026940 1794215 8223008 9374751 9911946 6337131 560744 1401031 5401826 1113971 1885214 9744995 6039155 1649343 1382583 1673791 2452419 
2481299 3323093 4553801 9839033 5502026 4738341 5655595 8744525 6046315 2330655 9067255 1857732 3541228 4390542 6532287 8388884 1686498 4673812 6312045 702578 2689174 8622412 7519510 205811 4442220 8306094 3838078 5380686 8429184 8230299 7323548 103308 
6945191 3213691 3798105 2276809 6838765 6174902 8979840 5999806 5228699 2676595 4222031 8142404 4720828 8968722 3512087 1566107 8947457 9490926 1242525 504067 7247782 7460094 9550230 4491069 2054837 1528133 7662959 9204338 3942189 6944833 5725665 9219236 
1286614 29277 7799438 2685289 9888376 656407 5525145 613594 7981943 1457436 4831048 6366892 3827853 7791948 2480171 90476 5267984 1894639 7992553 335945 6868222 3840197 1244231 5642839 5279707 8294569 3932390 3619739 1448780 8786520 491171 1835544 
93168 5808358 8178767 4478932 8441954 2299083 186137 2966079 4081175 1905465 2800449 4241325 3464694 9231734 6352203 8582660 7823766 1430084 8918680 6227095 9677443 6349595 9447579 5307570 2142119 3283746 1195088 3526245 5727197 6576997 1600769 1715580 
1432870 1827640 274272 7341093 4756298 3570125 6011726 4693422 4571744 5505729 9563217 399418 2730973 5102832 154001 2116071 8394850 6786954 9139992 8546994 1450952 4209047 4585977 9365675 2838373 5345296 2747654 1245668 826412 7479865 844193 5365110 
2064831 826322 4518506 6218106 4401130 8665177 392746 617391 7694080 8378155 2078353 2912991 8251251 7805186 4927446 2473927 2273179 2838906 4941820 1887096 6634444 8479872 7154419 953555 5142714 9928679 7325835 9064911 8811442 1962696 291749 1931296 
9280601 5012282 3101361 3816353 5151876 2608005 5463800 5001979 1586150 8956172 7170361 2875656 6254497 8773862 5656698 6635823 3821519 1964145 5576796 2731226 3817083 2283474 9584577 2478371 4686639 3023309 526543 946624 378935 1288974 1053002 1655588 
2354927 2227814 717002 2112080 4023944 8280886 6299171 4304216 8636005 663428 6152499 8269929 2528479 4523891 7487795 7635352 4873982 7925906 7629438 5707002 5384810 4234077 3146787 8428716 8285726 1243882 1924766 8775953 1505915 173757 7285928 7119259 
8691488 9323179 3388481 1717184 8175711 7882564 8871271 1473130 1675552 6828578 5013914 8756750 3850789 933241 229580 8198683 6853405 241086 1270482 2482068 5486378 6366441 7203865 7011818 2753979 2009890 1400028 2597050 3442126 7152506 3014558 4451768 
3164415 3058389 4316092 9217420 9784374 4850944 6112544 9025702 464488 5416091 3670904 4973760 5739548 2079802 9709815 2034477 8237711 1613228 252906 2933707 853457 4887022 8187076 8242969 414894 4328200 3966584 4120086 1943799 1147947 398859 5442826 
3937037 1412201 4700448 250653 4754839 5421918 4198754 435491 2636475 4244222 204522 2731333 5775837 6566798 6229897 9254373 5189711 6345071 1486821 7923360 7712754 7905790 989723 6422813 1644264 576080 8912577 7453970 1600940 7587713 5932167 530893 
4303258 6866024 5419088 2708871 1689355 8232914 8973854 440541 4285948 4038801 2939357 5120066 6916129 5360281 4499503 9456042 6855667 7533197 2742628 3476968 2273407 8388390 4761838 7708244 6141800 4905708 7893930 6387741 25667 9289909 883085 8157325 
6815386 3191418 5493113 5658273 4013466 4313343 3661595 7684343 2918067 6726943 3699609 582954 196226 1709906 1539913 3320169 6837376 7995378 8526389 2530240 2087620 5551158 6431233 4191360 9024861 5508970 4604929 9746004 1617980 3479001 8665192 3467567 
5110648 6534825 8762050 6280693 3249251 3475687 3484688 3548068 9421921 9543134 7093769 2102751 8984888 3486100 9663704 7254167 6344563 4518671 3310250 7915657 8081607 7321096 3427516 4330448 3680018 7248082 1661363 9569572 2030767 2007383 194129 5414128 
4556056 9597645 6317427 6058897 4998249 9563343 6248986 9258558 1251234 2390284 8366749 8591054 5978828 8987068 9163504 3682738 7334440 8189125 1570752 7187297 5695387 8362997 3778891 5975233 635406 7239442 9575738 2868878 5586957 420722 1214126 1585640 
2266324 6907301 5398917 357027 1823964 6281166 6126010 7174863 9046989 5618960 2456791 8751959 2361560 3669644 642904 5117035 5682577 883322 4590597 6221502 8506831 4439353 4850133 5268321 3886804 2648655 2546075 7357371 4213116 5198031 1295967 3725680 
5985255 5597678 2141051 6539907 3571599 456651 4035542 7652127 8697232 2472279 9895835 2859780 9652213 676931 8049248 7562941 9066472 5470285 9010063 7867298 344589 5880619 7005458 7916194 8145011 8010580 3864948 5330519 927323 8020086 6298111 3681047 
5731684 4584884 3315687 190229 3140597 3710626 4860329 6326030 8164621 3249526 2336777 1938615 5073862 2447117 6833908 4888190 8149617 7081468 448836 5141597 7701606 2115045 1313620 4548300 4310390 8577235 2623093 8218449 9600162 6259945 3570535 190861 
1950377 9645466 6941476 4456656 1052157 4135861 3714650 5544447 4092619 4114263 6678498 8198507 3992504 6912304 5132798 3587113 8860917 2176745 7141887 8590703 2932699 3523556 2357189 1341943 2387748 2466086 5989354 7884106 8947600 2054053 1993969 6246526 
8300346 6938201 1142257 2649988 7105692 8488706 9214874 206000 4031605 7574677 9094372 8761766 4353788 104492 1311364 4813807 1629161 9671428 1547527 1957202 7297393 3845029 2362167 7674614 6459362 153409 2030721 9826265 8511264 4089804 4407500 3661000 
8664914 6982952 8428452 345674 7444923 4574968 63422 4199189 2487771 3916580 8875795 7231598 477735 7041554 6250963 1915491 331402 3782657 4040407 7003384 190560 1981697 9383494 898938 8006949 3883276 8191981 6772860 6911793 2415839 635749 2258980 
1406321 8624342 1858902 2085522 5955297 97773 7790575 6094914 4972891 5266958 8513552 2261804 8544662 5114245 9612993 2386801 5069988 5522194 1652616 8398836 178114 8522632 1408230 2710065 6240339 1480230 6943207 6128974 9948051 7403090 3878108 6478882 
9464089 4405368 6975415 5136615 5200599 3186593 1708260 2722211 2780771 1682681 1068638 5973657 5663144 6135857 8499241 915138 9851221 3968326 7979306 6230034 6633216 2980660 2460647 1908250 9883062 5876355 9400721 6226971 1289030 6833733 4250730 3864128 
6954398 6880118 7241966 5174703 9304108 7171608 6784636 5328192 4229539 9759029 7337910 3757547 1708102 102502 2219117 739203 2520409 7169671 6964810 3083401 1248118 5368369 2331261 7771111 9592735 4442421 5869539 6908312 1715286 5328000 2907581 8813166 
5957642 8815270 5567203 3579385 5268082 9586738 2024152 9045145 7392207 1043726 4401558 9418052 9161415 9511197 7025596 2721782 97322 2080469 3914447 4540763 8716378 2212110 2970849 9339134 1558507 5230389 2751103 7913959 1259882 6541555 9218594 7686515 
6154169 5063826 597684 9893386 2867217 7221005 3864968 6189238 8851032 8664220 5196065 7857869 6301780 440264 3640928 4384544 4565982 3206363 3248269 7921471 6438634 369504 9038308 8679704 8536834 8444853 1335926 3178746 1436741 34054 515052 8516755 
3521965 8903560 8235882 2829477 8372938 2795491 3894907 3767509 6082200 828288 7675502 1988984 452509 804980 7363962 2358974 9830089 3262572 2733021 9708193 8654133 5227692 18335 5262407 1850295 421869 6694269 6604960 5794076 6788145 5018019 3859519 
8563991 183976 5456748 1366347 6251513 5713884 7009309 8997094 3033627 9902308 5003703 298298 871950 2430383 5384693 1634604 6935302 6510005 6597212 5209258 1746207 9169171 39108 5497458 6291306 1900209 6096923 1373808 9998218 1529898 5483717 2384827 
4082706 8731720 6746144 7317145 6556199 9962231 2118227 59666 1563160 2767960 2993284 5506453 5896129 3757425 4887826 856038 979564 3830100 9639794 2233652 9138725 83855 5001464 4456562 6917761 6909869 3269332 6361689 4291485 4408118 1532492 5478242 
3488548 2764740 5594147 1819400 6292406 1603696 4556257 5970598 1779181 4212912 7002502 9420329 8685018 7650728 4298866 9101859 5970367 7583276 8771117 9381401 9185862 3289424 4733630 210358 957459 2293267 9812116 6624647 2520842 2263344 60241 6338634 
5027576 6766842 7664859 2018449 4472847 753980 7318113 8910889 4192907 5580430 5126708 792896 9977283 9502480 9639884 8918190 8979924 1599644 3031946 4093567 5237780 9140632 5976661 9164745 573829 6296913 7856302 3582134 9200501 6923189 6295750 5797278 
3275836 7738806 3213848 7673801 8625 3688775 4976972 2783673 7537051 9594056 1201614 6622773 8888992 9377363 7825558 2225538 9772141 2922434 7921742 9490484 85554 7329136 5781041 151461 4691736 6897887 4472048 9787273 8615213 8867067 1595976 6529715 
1153663 790345 2820057 6882045 5886022 593968 9889118 3991026 5025506 2645553 9271181 7873185 8881579 4058903 8184711 1914472 5439248 9333290 241416 8770759 2467461 9837999 2253096 8018882 5651702 604172 992058 7783991 3335713 5412694 7780129 781779 
5763639 8574035 6671358 7522983 4756606 5558738 6526435 9537637 4549148 8204659 6878314 6338336 5468661 1528152 9443959 4026944 4803283 3767116 3059445 7200546 8841994 9719449 278703 2084055 3368837 3532980 992568 1371111 2322205 8030192 7954707 2576864 
7358642 3681949 3350317 7730775 5314216 4978167 9758308 7039948 1195135 1164939 5518269 3022798 9240885 9542316 7434914 998984 3956097 747165 3209517 9204326 8668072 7993803 6599829 3738350 4525487 4101716 3406146 6952871 8318302 9315236 5622590 4284722 
1935992 9563494 9435416 7711366 6246808 7143164 5454871 8293488 2180807 2571422 1547374 6023960 7007202 8654250 1552496 6872348 9861015 5638417 1548299 5541640 810679 9991977 9782233 5108186 1454615 2564575 7817753 9317614 2845205 6042809 7691289 5517107 
3574674 9045199 3936948 8592541 3669202 5057174 4412293 1475108 4003268 6764180 1149322 5584087 4817824 8842528 1085491 9016750 8031408 3936363 3561063 3291343 7968883 4799392 2918088 3566219 6042916 4184446 5033267 5434292 3780933 4613739 5721539 5045457 
3267493 8509950 3211047 7864194 6904765 446325 9519063 5541935 3278278 4964841 4341520 4370487 8776225 8363536 1645946 1686796 2339413 9924144 6832738 5961102 9836887 6028020 6359892 8540070 8423930 8717947 742794 4487046 9456077 6194150 2347099 6868394 
6421239 9825415 3823968 4395250 4026 7678625 8233542 4757931 24023 2973996 7020564 6538936 6503607 2691821 8988615 517619 676238 8136095 7822671 4139440 7765160 5497905 6304629 2693873 4030903 7491460 7268602 859273 1207833 6082105 8342202 4244232 
7897970 39292 9087327 2085626 7260565 7847533 4026663 2631093 6463400 748508 4014816 5826331 2276400 9564230 9624621 67730 2583416 4486755 7247565 918207 9548439 6346933 3822076 9975645 6942827 2743471 7505475 4266601 9651389 8640609 7406549 6081161 
4322860 2627101 9033818 7482252 2257040 6466331 9631984 4160933 1176873 5359829 8449290 4029115 6346325 4507398 6594041 1718204 4711243 8979333 5477638 5197557 2114163 7274825 7072378 1111153 6430608 5148266 4947915 5187516 3418778 7004583 1105338 5448349 
524855 3979373 2719956 1647241 3597242 645427 5295137 7186532 8395188 6094614 4030548 9769705 9749263 7755976 6182595 9870998 6241137 1538350 3490101 51580 1899328 7649000 8604065 8854662 5119298 887138 2361985 7334738 7447022 8600018 626367 5004331 
2999714 505300 8018338 4003495 9856809 3811732 5487150 4064179 132429 9798743 8409552 9086899 4054653 3934284 777917 4425611 4563878 7532493 8662743 571560 5157293 124494 4875695 1253244 5814487 3081383 5796736 3146761 4467188 9471815 5198087 7844106 
7872588 7974356 8927418 1425403 6748127 7269248 4067640 8489846 3672060 9474429 7125278 2587958 5801222 8187225 6278874 1862139 572968 3480718 4328968 4699861 7899222 6357891 8503872 7858833 7579322 1903366 3667208 5309786 5010379 3528990 5257808 8265550 
9903154 8409560 4173705 9129909 7881254 4715653 7145150 7220714 7216157 468003 4184346 6143888 1301174 1747921 8621228 9756048 1095230 3230462 9141181 3897168 6302066 6835386 3777724 4145541 3156661 5150790 6373486 8763170 6041344 1650486 2798384 331684 
8304005 969927 1784300 3674023 8729988 164097 83544 2579891 5112924 370342 6594834 3835701 2227814 4776505 984421 3741630 8128550 6779972 2786482 4777800 2749819 7507129 2127612 7805206 5645594 6351643 2171483 2902814 4591643 2495593 5627017 4766890 
9872342 3724894 1542422 9765489 324909 3772652 8747147 1553815 4412819 5093971 4261885 2012450 4466089 695796 9809023 8033887 1885277 8437951 2196767 2093425 4476183 1826022 5838156 5161322 5063843 1202552 9762184 4027999 4934751 3069111 3434255 9098713 
6085073 8515127 2580566 8726725 9130913 695033 9276809 4949168 3289254 8042055 6747608 3114521 6350517 5092217 7810395 3936586 9478863 6086230 1255581 7068594 8461736 7854571 171594 975823 637391 7714250 2301638 1788956 6714208 5037281 7545891 6858935 
1779739 6752776 4852439 4271586 9829604 5768936 3726176 9070755 1302601 8674787 2680128 1186477 6077513 6036212 5735879 5239838 7794337 5961393 8705320 8418759 2665006 8359732 4362338 7300219 2664568 5195532 5074090 8152868 420077 2867523 5275010 3387044 
5438712 2947601 2895884 1354321 5638569 93610 4145002 7428043 1707697 735843 4970690 3542936 5161298 219595 1816812 3090499 8676216 4264345 8696927 9267152 3421537 8960071 9669005 391528 2829819 833309 7243458 7954306 6683572 9001497 9121913 5221352 
6687069 8015182 9328133 4152246 8997817 7684358 1881418 6828027 8303947 510550 5042313 5938556 525809 4992094 9279003 4012585 7652119 561652 7219998 429401 9891328 795526 5023296 9907158 8736281 3367213 1757347 4994484 2039032 3489291 7291592 7112356 
1760486 2866265 3263321 2217308 3963985 5502334 180631 4609427 6422446 1440371 2946556 8078245 9007074 9645282 1936437 1862594 3035001 3706792 2086602 9968896 303868 85194 4313570 6299783 4386579 6778682 8724203 1148948 6451051 1057218 4714737 7652114 
8412414 9093913 2442229 2319313 8048262 5941150 2359652 9156277 4597632 8853266 2742694 2077298 1397948 4426772 8363629 4542078 1971111 4302267 27831 3918164 9939296 3908027 2383916 3899235 1639296 2497851 5231330 3583618 6847580 2839080 2758398 9231976 
4341335 3394469 8316676 2798391 854694 1285472 9292641 5399601 2269089 4024606 2173240 6918523 9817815 2296774 1603072 3221220 4475870 137213 9722470 5424555 9466068 938172 5142074 4875295 697482 811036 847091 3439611 8732594 1077751 2981025 9360630 
8037049 7644605 3827002 3428070 2465701 1185498 7716433 9113749 7218646 2527835 9376572 4213553 3970093 4144779 4807548 2991087 2785374 1719935 1671622 8130027 5955815 3008277 1504582 8498441 9803667 1257860 1987094 3227708 1000889 6635316 6171253 7915393 
4320577 2345323 2550531 2669987 6566061 5699190 7352925 7981551 2305138 1949492 3176834 5986249 1314418 2695045 5289905 9986257 1170940 5883324 3421802 1410892 5556193 8510524 5979337 9501675 7552608 2888355 6510388 7987921 5706691 2890595 2491896 7526182 
8832365 2550730 7513254 6192327 5864640 4276264 7153647 7081679 4520491 8178877 9709590 2442576 770959 5852895 9376882 315303 9111927 484418 5303516 2930834 8203011 1071302 1521133 9852116 4621828 5290764 4278463 5158197 196032 392764 8160323 4573226 
225580 284237 2750434 3455771 2037424 5678620 9350467 8545616 1238262 8439131 1108588 3697870 4237550 6588816 3326439 2107283 3436444 2201103 9853464 5202429 2083341 4275480 3698767 5928969 1669812 3584357 581618 2990422 5231536 9990186 8246639 3245753 
2037333 4848031 7863998 8376767 5441228 1853927 458427 4105749 8076507 8684411 6693250 4581853 4941297 157599 3791472 7683537 892382 8524729 3914358 1934647 4635132 8888986 2267298 7198849 8928852 744423 7773008 6028672 7315557 9552979 1789281 3535941 
182684 5736183 1432541 9553518 3688311 9226724 6828073 1577522 22336 6718030 5486952 5569144 2575822 4063271 2537608 2034428 5876389 1571768 5014501 15260 1239434 1390461 4266542 6259131 1105207 5786902 7691538 967443 9416603 8131877 3986466 8886511 
971335 2177243 5973542 7723872 7180677 5169494 9746104 4594611 3125757 4461993 6523689 7464588 3528657 3888532 9281287 1145922 7858215 4098836 2919468 9597200 2809551 3101005 2573007 2194943 3026243 2161234 617090 4262992 2549184 3282057 7440190 2484021 
417427 1220447 3455717 1223137 6904609 9613870 3489166 8122972 2501589 4570491 2441996 1316456 5686614 5078675 4815517 6490111 5872661 8158437 8690046 8488556 2797897 3889019 8510876 7088385 5651737 9772758 4012849 896124 2330531 5654670 968425 9122571 
261041 6859081 5916706 670043 9564071 1874355 8530474 1323900 5782813 9681498 1201123 5782014 2068879 4780893 2498852 6016140 7516080 799772 9643156 9666340 3931156 9858904 2400476 1483928 154871 4759420 4412840 6513949 11615 1601067 1121914 847119 
4701084 1984486 9224717 9540324 9962223 4643559 1335358 4951783 5788807 9279189 9393931 8882828 4258902 4514207 2728548 3889572 6324441 4835779 1703027 946452 4547681 3781073 3218235 7085304 5430099 4946334 2665829 2856271 103142 1747197 7181711 2462098 
4140709 1264470 5388157 7584348 3890626 1475683 234683 9871880 3838022 5892102 9346266 7993229 5592956 1238864 254899 4716671 689815 6993244 7937477 4515990 7004133 810888 5652185 1490674 3241304 6262770 4845726 9783201 2000760 2219048 4954919 1433121 
6856524 3762463 6204046 2917395 9015150 2969166 6762489 398204 80459 81863 9742039 6805264 9082413 2571260 5911 8316361 2860318 1036371 6306236 9749752 3099334 293687 4582803 7156774 6922477 6353447 726369 6996238 3225870 4216402 6835166 720313 
4400358 6722503 7363716 8168044 1064000 6218630 4917838 7670562 7076175 8542451 7422087 7685415 1730578 7118812 3865680 5209252 3659273 2324647 6053031 7891281 3094153 3681703 4008823 449335 8113340 2203509 8362005 766401 4376794 1811100 4688883 5949503 
1293329 5959242 5867636 3075907 2141572 1610944 9803459 1196026 4458284 7699100 1956349 8823081 220508 4663570 3763018 7945156 3040223 384324 1858890 737140 6730447 851681 4980267 6407395 600106 6780106 9423619 6561552 4581993 1086855 855615 2886793 
1236153 2665065 5071787 8298288 8248652 9143000 9603132 9527622 2384982 6131 456476 1721459 4237790 1292596 8346715 6779681 9815552 9840200 4018082 7743168 8800729 2471692 5339737 6290138 4167155 4934252 8379776 8973388 4030413 2424506 814851 7760184 
6312416 8385557 1770011 8803239 5455593 5543106 7131770 4934713 7134219 639506 2480945 8569661 8460111 8892812 4181305 4465746 1213921 3131444 1656796 6394439 3589667 2298097 4387114 2805136 7765213 5421542 1469485 4380324 7526749 4739486 3427278 9414945 
665970 2392673 4677319 907050 1229074 8788595 8766782 1191609 5005911 3308519 781071 2083594 7872970 6897444 1095670 1406987 5752244 5955134 5778802 9796676 9277339 2177283 5449601 755041 385938 3610107 2951693 8240738 1664697 6699132 4390109 9004413 
7253055 5226557 8584759 1362817 9433160 8761816 1944293 9815454 9089722 8919290 2084643 1515804 5408914 9529709 8075488 1881181 3048708 4253766 5415326 7710359 8396738 531109 6463477 6623686 895835 9575654 8623047 4117240 6253820 5401192 1138563 3769091 
5203715 820598 3485093 6742236 1983471 2009311 5436596 2966825 885499 9004 259088 9601869 1215513 1459210 7637210 1224758 1160779 7596526 6436129 5795185 9329458 5432145 1413159 9274093 9126335 1533953 9977373 9827466 4486030 2475616 7796134 8765446 
1309224 6899783 1349521 4761554 5738657 5960610 2922475 1874417 4847932 9847571 9548280 4351051 9301505 164225 9733303 2027558 8668633 8915482 2004127 8964825 4864285 2892015 1511769 8993717 7524136 5978191 2344904 6713988 1485763 8174766 7279287 5460707 
7080941 7452633 8645906 2636203 6065396 6833545 2961085 4857783 9562253 1272960 3187758 8544046 1169843 9468410 2284723 6803654 9794590 5735396 9179917 6913128 2389472 5894147 4593360 7685906 9742867 3351400 4399657 9338483 1492975 862888 591941 5334339 
5583479 3142071 8650055 9999765 9985458 439005 251421 8152178 1924956 777274 7362990 1067626 576760 2002805 4440770 2305447 6478562 3833806 5321924 8359466 7546671 8812986 1637101 2634570 5219936 4980843 3064511 5745161 4729890 1537626 7478323 7632932 
1210898 8638660 6508286 2063598 6768068 5440897 8205500 2797863 4643475 6613538 5241839 6055036 3623887 2997114 8723254 4936723 7595265 1368512 9952236 1291005 7453642 3860523 787962 6881531 8242250 2521386 3345468 4977262 4868143 936606 6381290 6678172 
2751835 7005063 6632500 7180361 6641350 8328926 5128480 833438 5942239 4455322 7792812 7513907 4745832 1494027 8981325 7271162 1834025 7764567 9771982 7324259 6759463 1541648 1163923 3645290 5402168 7566013 8059061 3798952 1571701 2778558 3820473 9405611 
1190165 9419212 3169408 5023273 4614409 507279 7924523 9143007 526392 3773516 2707822 793548 760414 1413541 9024672 2837961 1198019 6786238 1746994 7263893 2381932 1375845 7200728 5464569 7154143 706570 7808990 2246488 3760946 2495605 941156 9613510 
429664 3665563 1191990 8337032 5862889 3948603 4046971 7198319 158622 7723849 421652 3446538 3494304 791397 1957999 1477414 1530086 5112014 668990 2477459 5463760 4910406 2056007 1602769 8177804 2213040 1606382 9465601 1854486 1174033 701920 5514444 
3127934 8501834 8377507 2285030 6464135 2841899 8164927 763772 9766422 8265495 877753 5345741 3936246 7237476 9463729 7412241 8602607 1447849 7878557 9832042 6454093 8501535 9795337 8845912 2852646 9680804 9477888 4636370 7357117 6160308 3736375 5953012 
7682032 8036697 8014658 2942098 3254859 9839123 967894 6186787 3645716 3721680 809007 2748359 8874628 7041599 9127740 3353467 3397404 1313370 1650370 4338307 7949261 5688967 9078575 5604770 4350902 1261023 62827 4209022 7852049 9988722 6769183 7850445 
6858744 6805419 6375812 3928648 5330171 4520933 7882806 9234525 1649100 2553828 3445094 6726833 2259480 1899827 2321040 72032 2783789 5052400 2616515 2407164 3518924 1604183 4105689 6667373 6311814 1374869 363939 1053238 2307617 4016410 8772746 2772274 
5079882 9412248 2932000 1137047 6484075 3641063 9867753 5079885 7614990 7751853 3903643 2830205 2139775 4750804 7435461 7855287 204344 4304703 2159445 9796479 8588388 8781005 3225488 6342130 8364480 957837 5175279 3634201 4040534 9893102 9905345 5226255 
7370091 5288521 7048516 3354807 8481139 9898307 7182551 5221386 339846 6840036 510457 2704531 3191192 9602568 6515962 8532796 3022327 2526110 8438083 7828249 8998823 2114153 6125700 7685439 2201505 6971201 5751235 5624574 8989811 2837241 3965199 5326169 
9121771 4237830 7925081 2682134 6829917 3511176 8589960 3824517 9671810 1773183 4053024 6230092 1244898 1053749 7712951 5116223 8465767 7180738 8092580 7213992 747175 7507625 2218916 9825072 4634748 6556780 60935 3263164 3726140 9579432 1026931 8112156 
4429699 6129195 7267136 3404614 9496314 5462653 2258734 5418976 7567794 9691571 957433 6078322 9179896 6825130 6008380 8882944 2931205 3115639 7323108 8712068 8017086 6618005 3330232 7111269 5270180 4728350 377852 7604987 6936724 7967578 6228589 6550670 
5517744 564230 3866586 5176634 2144347 3539717 6645496 968298 4485334 7371642 3223555 3374132 3622871 1980053 4699679 5047064 8240297 5194431 122611 7991928 9676384 4126822 4346671 1251653 5227547 5033249 7694529 6306476 8355872 2180219 6735872 2137023 
4600315 6502812 6303406 7537715 9898748 2493643 3005046 9395496 9540993 4323024 3496303 72098 9245772 995791 9160942 6356750 3536094 4084840 7340598 3317278 6348688 237492 6351377 644070 4436984 4954666 3372441 5018295 9873659 9471805 7385038 190640 
1085893 8469856 5625052 8751315 8529617 8150031 9202809 4892810 9884382 9449270 106448 594866 1034732 3637620 4314719 4665087 8615317 1297380 6316649 6548833 4595710 453798 6455196 9508716 3360624 625364 70535 5052555 2362768 4866616 8642448 2509281 
1327107 396695 398044 8821128 2859180 7024299 6079529 8771859 9583058 5111446 6846612 4493452 2325018 8406623 41830 2391602 2464818 4079918 8927226 6447327 8325804 1466501 3228798 1102441 3779280 3790507 4163851 7710497 6276272 210140 6984355 5715888 
3969229 9663999 5776647 4397236 8708449 6080132 4848862 5621280 908072 4087921 206837 2767932 377083 8226305 4705934 7325179 8320180 5384817 138524 513086 4435685 3999275 1963538 2511550 350776 1745383 834138 6008501 4691858 7042020 9364545 5603678 
6405306 8065095 7160119 460884 6389169 3442868 3153543 3578172 3652770 8697715 3416893 4068825 3116785 5961008 7282752 5771518 8316527 6813941 9579399 6781927 3648148 1515977 4927262 1496589 4423896 9562112 722843 7749277 1868148 8308504 18764 9044215 
4105743 173694 4532499 8904792 8914241 4420891 8574649 7905634 3222079 4832111 9795734 3876349 1351612 6502852 450167 4112523 4764818 7688936 2490390 4082134 58650 5050471 2407029 3981305 8995588 988747 3866342 1912540 9719694 7616857 3898229 5879874 
4009377 6149189 4981482 7057736 8254821 5750897 5550630 1243291 1723803 2880060 6022753 5537872 4272349 8047977 9214332 8644556 8919937 8266975 2515181 914066 1332698 1262053 5151848 2986009 254769 9850214 488448 8782656 3541400 7793624 2169142 5822624 
7102079 8980894 3807191 5085557 3773530 2826291 1444816 3695360 3371513 2044571 3058980 1517051 4709625 5245191 5105661 5488750 7888698 8033141 128914 502932 8218857 636438 3722490 4302053 3183194 8794950 2141676 5104040 9194899 280167 2384864 2956619 
2987602 2769015 9864802 6358884 6092421 7486454 3662185 7856797 8347257 3711 5138564 8234410 1773387 1313645 916686 2613676 6297702 4936832 5576014 6781662 8874419 400053 4325402 4207905 9698396 3657282 639265 3506424 5296665 521077 7237160 8476528 
2698346 9943282 5265904 5420053 7889088 5348564 2030232 1494015 4262725 4099984 5363503 3453868 4364675 8003070 2430570 2252740 5651439 5299503 45834 2052158 4554613 3087475 6432898 1284451 7684675 8412501 9388221 8070005 257414 1930929 9296415 8518208 
1426988 5783546 3052504 2231479 9816748 3872110 2860492 606052 1354858 960015 1084212 8438270 2958159 2298959 1593657 9293811 1629099 2854872 1704657 5119522 3595340 7689386 856683 7532092 4541066 7330725 4833401 6714921 4230236 5331936 1003307 9487499 
4385261 5303948 9345534 4980445 5242083 8612982 8583664 694073 2606667 5967846 3197718 977684 6402142 1712332 6609606 3795418 710502 2569694 4356590 3580221 6187347 4008089 7130356 8435567 8003891 6686642 3108054 2047882 1182440 9842261 2053316 7343936 
2201286 8357774 4667201 6318969 145942 3093207 9489916 258703 3769002 154029 378753 6982962 4869429 3357423 1930809 8176497 8576303 85799 4200561 8798459 940908 109924 8065185 4738097 7729309 3853727 7515847 8577321 5629714 9133186 4884136 9419434 
1446598 4591708 1182229 1763984 465033 6378008 6395257 4452528 3708480 7616316 6239906 4876469 1758275 8778285 8125028 6329787 5792072 2870925 8876928 1275940 2959903 8219214 2999745 5939555 568066 8548562 4845069 6420892 926346 2584223 92409 6440047 
3047759 1991818 7916664 9005140 3176289 5676960 5600989 6039497 7597997 2201556 1154257 9862508 1130817 5801751 5338171 941816 2163828 4662976 8555168 9014529 8645089 3541553 9737497 9980666 5163655 2067969 2047247 5443121 9972216 9826082 1571543 6521112 
8033897 3577078 1327102 747843 9968191 8708486 6400028 4668406 8921668 884179 8264162 7681697 1253125 6754646 8015370 4491343 4538643 1249401 9721375 4357212 7540269 8455198 8062801 3246513 1843881 8000408 1446977 3843830 869104 4714959 4771831 2246435 
378182 5752322 9610170 1158154 8389951 3977344 8571719 5713949 8077244 1791978 925980 2156467 7936102 3475671 5911192 2301508 1689906 5165072 7341684 588721 3610224 7455859 5871896 8633734 3625702 6666416 1694192 6951307 6886633 9241636 975972 9386208 
6583334 9310556 8144999 9855027 9937096 761467 9963702 3912621 4414698 5456459 4228425 1257246 6083308 6523027 2741422 3804020 9817114 5354410 4502673 6263264 2001179 1768955 7098745 2540775 1549347 2631632 9517109 6514911 6014762 9642237 805252 7338510 
4600954 3086592 6887629 5803800 8283178 1689356 9723255 9991834 9832077 783406 2071332 9163108 7958399 392576 8542793 5286300 9342903 4004426 3635589 1225885 7445103 5788971 9031100 6772617 201861 3060481 734163 3621993 836397 3785945 3616159 354732 
7626366 6799959 491447 177300 7165916 1654439 1602439 8378152 4441405 7782523 8619557 3715736 374836 4799051 6157958 8126798 7463964 5602804 4726641 7159327 9048473 8075897 4803534 8004467 7221474 1034858 3025718 811114 5322667 6536934 7181793 5642118 
4023545 8860306 7046874 485238 7832425 5532570 2633777 7411468 4580329 5743735 3906704 327473 9913770 2111518 4743489 1996493 5843035 9127017 9877003 2665323 8169552 486819 9309654 4260303 9477849 9315866 8014419 6867915 4236109 9625333 2580334 1456848 
9319072 8434742 451907 6025216 5601455 1744242 2747751 6841119 7240443 4373814 5499703 791560 8775811 3460786 124179 9529917 9706459 5983398 6847493 1639766 3131754 3729807 6057875 2674794 496676 8096206 7586734 2788384 1832684 2248429 5096315 9994356 
4296044 3174188 682745 2174307 4977359 226404 3444314 4840033 7163155 4262614 3749092 8398027 1447456 806123 3927686 4991096 517333 6002596 3261154 9259284 6887671 8475756 1133166 2438638 2376200 4505571 7621166 187771 4688638 9872153 6853862 6904540 
8055179 1188039 1549120 4586810 2684087 8000649 694803 251923 1374410 7492360 1815823 5405121 6247552 8769021 3620064 1954444 9648562 1771067 4106544 643949 1200440 5659035 8347438 8720632 6616431 9433493 3822851 1588070 5446821 3610151 7336404 9753476 
4061406 4399813 3653900 3709599 4701458 921307 7384372 5352925 8202181 7806301 2047254 6859609 2691487 782787 3612755 1897259 3199722 3158805 7249327 2802700 5685899 7312885 7230195 8008487 2927252 8876617 3238545 9706961 4159779 6616562 3229160 5762003 
3576542 7638333 1915715 878743 115434 9095456 7311169 8020938 6481667 2361856 6642374 8540820 4583402 780645 2746209 2453981 3808693 3839275 1733466 5515221 7959803 2541552 8367734 3471166 4821641 7164405 7622167 491308 7759487 9273244 881044 6229161 
2916326 7266700 2964909 4762011 387997 7474950 5197689 3502628 1963976 7579565 6907922 1609084 1891684 5797712 999215 9434061 576555 3120398 3323654 8607735 6969759 6980976 3541668 1467765 9757674 254389 9468102 2664802 3335838 7168530 7794190 8611958 
6151996 4341652 4256865 7627952 5408470 8785466 6087932 8861444 3933381 7131501 8423186 4827434 2241709 8164596 1044151 7588960 4631815 8592370 9958857 2566428 5728146 6776708 693520 9132953 4163589 8802832 908984 3465637 2691396 7745793 3569271 4534939 
1419199 6174368 5000310 2237931 797115 5620199 5081613 4377008 3426767 306642 7145545 770826 3091562 8466345 2498320 249458 8920695 3082089 3302216 8572029 8537113 8958715 6368633 4064594 3590164 8621241 6105086 1126108 3019038 9831533 2602947 1188707 
9464030 6933339 1504078 1438888 8335639 3522084 220054 9809024 8385663 8733179 8072903 4772005 3909341 2333037 3420751 6844795 4708720 221035 6839385 8586108 7563081 3953715 6892507 9659356 8116474 5341352 9309350 5348156 9026159 3385974 3797039 3020053 
8046314 9632203 3503175 7125690 9353979 7689358 6211556 7358716 8904409 3521458 8621524 7026333 8165821 9210585 2653098 3961762 7667012 7325300 6255913 3409855 6382314 2254654 3283735 1010352 5564016 6442919 2208864 7403314 8518627 5719349 5838975 9119669 
7971022 9311592 2213004 2875520 7550363 8290191 4978087 112976 6629513 1965827 6615315 3616807 9996443 7944920 3160420 6715774 4885113 2514149 7116818 6372157 404165 651792 3891925 5748000 2140232 8784448 1200721 7733144 4486813 1809431 7311006 5034832 
5578593 3725934 6715617 6029976 5708027 5101356 87592 4597531 4517577 479456 9357952 4923132 962603 6812352 6432443 9051831 5343608 265520 8165745 2844568 1641080 231215 1187637 317105 1958092 8936032 2137384 7330846 1293489 272184 6221913 8932638 
2687366 7505745 1064003 9386104 2578803 3255411 8499629 9352485 2906900 5077217 9102035 7798335 4099342 5126733 2468365 6229362 4386093 2169951 9876518 675178 7585389 8993191 2402614 2038869 9847535 152979 4568634 2209235 6489999 2445627 1196392 2503344 
3575114 3218439 6492574 8906818 3859371 8495472 3101156 2121205 1284076 7024396 9139896 4399095 5331542 1783494 1237776 7177224 3950205 5253222 8805633 8599268 5315890 2852225 7076966 7385849 8791111 298520 2035919 5759119 5835294 975593 745036 6950991 
4502567 4224897 5961819 123508 4840825 5817900 4641907 2686655 9843158 5752676 6792010 6570625 7110004 3182086 2338144 2635227 5591298 4512922 9837075 4849504 2563601 2900698 545777 9996689 1923058 8774382 870260 2744709 4442864 4512541 1096463 9302080 
6798213 7211129 3208277 8696163 7846185 6495489 9879063 6655322 3634307 9765583 5365691 1305000 4974405 2339264 3078458 5474246 8342917 6082967 1889689 2521152 6811576 1853415 3537261 8979771 8834135 1245924 8976378 2585084 9272409 8752861 9216227 5492719 
6265078 1946804 7960277 3295526 8791927 1326008 525764 6120635 3498965 6281403 654459 2604100 4732124 7098025 4195781 3140565 8746833 5444641 710727 2264896 1536848 2542459 3184366 3534421 3558566 6201709 2305354 5411221 2726296 6121502 7101018 6700395 
2161587 9377664 5761808 9673985 3981549 8018155 8234774 4265555 4262836 4749649 4135422 1679729 2596476 5155787 9452878 4919363 3420108 181937 3631786 1793066 4840599 284523 8818481 7617023 9427575 545432 3778910 7288813 2865324 3586677 7916714 4785046 
3918626 5123663 1859482 2202342 2619513 783509 3646107 4193577 3840606 6685138 3007430 9493536 7810283 5936689 1262206 1948523 1991416 3182994 383797 2674454 6033709 3115391 2926676 3654772 5460299 5560174 6063378 9051567 8098190 5327454 141257 4487949 
782523 6546086 3306588 5984991 9485975 6569630 9948157 5104569 5644264 3203903 1638852 1432942 9386876 7994262 6784815 934110 1647972 4360371 5306763 2817232 3241210 3214262 258541 9348842 3978518 4958989 1348018 8152698 3401717 6308309 8445190 6422023 
2905380 1028226 192942 1064111 9010557 4490930 3026212 1018751 3809354 6634010 7607569 6119932 6126618 1364180 3362989 3265284 7977588 8925446 3694967 7578272 4286578 1637931 6524442 3423722 4908701 4213858 8619256 8782396 2175345 9501665 7655209 6266847 
8430764 4981544 2284632 6963667 8583586 6991040 8553097 8544289 9324126 7394018 3685844 9888598 1595618 6408407 3039085 6793896 5928131 5549509 2941410 6919825 9096146 4672897 5317524 1676356 7849420 1660327 7188101 6315313 7186911 1354542 9624536 2891363 
2529312 1363287 576964 6990812 2089812 7413674 8798260 3919760 6253158 9749450 8982259 7914628 1710267 7017606 2839453 2327306 7338439 6118620 7063451 8473058 496227 9234174 793890 1795351 8517424 4092539 5859517 5833038 27965 3307589 2956549 9283601 
3639725 880297 3947618 3826333 5944830 8938268 3660772 468501 3068887 2534821 2545653 7973655 6168310 3232673 9226234 4980949 9286023 3730110 566223 8840435 2918274 4783703 6958326 5005293 4873344 6562754 8576573 9102428 199358 9615763 1590634 2678281 
7703007 1599640 5331005 3901861 819539 7637308 6261334 6755471 326238 4814846 1835761 5470405 2971422 7471586 4589436 1807001 1505749 4897646 7065490 638217 1258872 7175497 6485969 6142060 1460604 9840189 360256 7028851 7418720 8461843 1367106 2124863 
100132 8383139 5795447 6254354 2886267 5655091 8049034 7530525 5444642 5391860 1087660 1767339 8793808 2381264 398504 6817387 7652063 482879 3364505 7620213 283922 9978350 6700462 6053287 3351566 211795 6437745 8822373 8844367 8257231 9632115 2837681 
4102338 2251157 2819495 5591113 9811328 4430726 4435944 7368632 4193001 7440155 8922336 7258779 357594 9928080 8580109 8010990 3209159 2693719 1304920 6821563 5990910 5281957 9646619 5112589 893682 4627671 9956323 9253204 8604010 1707267 7983562 7838666 
7838301 1281858 1211909 4881596 5332572 6622575 8612833 4260957 4565205 2233654 7128766 2584330 2959790 3638010 276100 3681731 1540276 850447 8713162 1552866 1465719 9014657 3227695 9012843 24649 7740222 9865927 3189948 115024 35687 1583954 109511 
4934981 1652968 2745062 2750414 5213917 1575445 2276444 9168913 2137735 7005664 2374033 1325905 6945328 5098043 7946749 7404459 9283892 5880449 1619338 4380532 8187572 1165251 1647795 5737324 9352070 2635672 7875665 2678636 2245140 829786 7922063 1935255 
2983603 7314623 9078392 5721444 3456871 6063635 70116 5809287 4433016 9845137 8577570 3007615 4524358 868592 1887600 2296596 3224222 630784 3523904 5760470 2298871 2673438 9874395 6413418 795560 7688017 5235188 927016 4931788 9798683 7968793 5254173 
1529893 4128157 246384 1416052 3385813 4694928 5756329 8080576 3703800 2313748 4619591 8143201 810102 8814441 3527488 4186697 9034471 7196237 9311708 1290318 1058718 5712378 9015749 4087757 3494988 6128194 9007527 7819233 294276 7423338 572702 4878876 
8661273 7259791 6690204 7098886 8995776 5756924 9316848 2773280 8054647 948752 2025874 754748 3462201 6729892 8860521 6599332 5193050 2164730 9778278 4281610 7427020 2333029 6710669 4184579 9057692 2770317 8927706 7477189 2704468 4142020 4901890 969860 
5080805 3944969 3063979 531029 2722303 2066521 882198 8964189 2941902 5998420 7237712 305641 1621422 1102517 5531771 9763029 383435 8746296 6148307 41820 4882346 9063769 3734645 9458029 5548189 4152812 7101129 3644196 5212282 2730964 1803597 5639163 
5291883 426107 2071526 8227167 9985539 2898442 7247243 3468210 4842397 521514 948947 596510 1340176 7788765 5246466 2875334 6618015 6034584 9843592 7952496 7728022 3079129 3795049 8941206 6886326 3797130 4045323 3735440 3244117 3113424 3260662 6311696 
8286650 3526368 2043434 1267304 6341351 8262599 9202217 831646 3400897 7439797 9907592 3084960 3433183 5395157 428578 6470062 6265533 566386 573620 3324562 9537285 6110723 9390630 1210937 6050581 8911920 1559073 5565553 2174537 9958469 4145036 2759429 
5104840 3934101 6660785 7662373 6880108 6729149 9113133 8925417 466487 3145920 5072001 1119905 6928086 6910976 7923512 6937147 5768635 843704 6014914 69505 9482562 1274395 7550247 5333609 992180 6774464 5284998 9926515 2846868 9642583 3279708 7244598 
7728692 539453 5351497 6784268 8457737 4506961 9139603 3418410 8591249 1038146 3546251 7794780 3042606 8266604 1154443 8972018 5230254 5687106 1038925 3337975 4037287 5539716 8250534 7864152 7006964 3225893 8813028 6405916 314788 208746 4340615 2410695 
3250116 8051265 5739003 3740673 510363 3320736 4984174 2971362 5174509 2968860 9319298 7385570 8004484 1566164 3760778 3443140 8918719 3261399 1451264 3599009 6506162 8422151 4770128 3445783 2544139 874399 6603017 3622099 5909492 3947545 4438110 6814710 
918491 1605670 835423 9962032 8287153 8356183 6079990 6572312 1277049 5093136 7137149 9830170 5080152 1929611 4409650 9455775 6876272 1350258 5330872 8929184 5416964 5180573 7693206 3223106 9430408 8893978 8218925 7910369 6979589 9807223 6460814 7162101 
6407527 3239231 8073224 1477665 2673190 9735721 5177424 1039162 5394710 6048137 8470804 9815932 9255817 7204177 8185587 1674715 7486082 7482087 4090799 7123474 3752372 6932172 4174207 6261334 2104082 9532814 4007645 6363435 1437553 6236779 943433 6304862 
9005302 9446174 3731526 5297609 1362451 1924123 1811319 1213506 5578666 4826189 9948595 3781263 6588301 4713722 1633547 4332297 5077186 9344626 6515337 3767948 2145720 9157221 9115114 2390455 2814031 3695351 2438706 4182308 1415924 7153427 2660424 7047657 
98270 3986893 3500917 9221602 4279809 8656881 2818709 9622197 8025324 7249111 552483 3420403 7109723 6217580 3176127 1799318 2330663 5865583 5206705 1736820 2408828 6108873 7461872 2600876 8499383 591258 60054 3475278 1251478 9464909 753447 4181396 
5867945 31624 5863189 6405812 2946196 3458355 6806718 8561373 3853449 7849489 6498033 6532707 8660535 1139818 4768599 1209741 3095707 4920945 3768503 4315071 6539805 4471042 1219394 4642071 6392596 2376793 4521128 2103809 7460914 8164433 4404677 3904544 
953653 4741957 159868 654811 5435440 3749076 3909345 5957205 4888124 5838191 1606017 6321859 7930104 2001047 7225438 8388448 9956630 5138707 3627583 6781879 4346050 4359256 8622444 423861 6133950 3502028 5603943 6185776 9337997 4577916 3227438 4798179 
9562539 7266583 6411728 2112500 377036 9277449 8484506 3723444 3780148 2070711 334075 9518288 268267 4544441 425547 9019745 701733 2596744 4976136 7628912 3050427 7630373 42836 4633806 9640742 3221377 5207240 288070 9773056 9040030 851673 7263933 
2512527 2437144 1425519 716837 533362 8749395 6595221 1727401 613760 1792880 8671264 7252438 4312051 1871424 6450780 6304709 310590 7207754 8250600 7691404 7394547 1240755 5420903 6678792 1479213 2561049 5645385 6211844 429894 5412618 7806181 8509551 
4303419 1997364 6273859 8594018 8052909 3020498 888459 8937928 1822467 2498739 1080317 2935790 6787956 8680947 3972217 9632321 1830417 3578989 1412730 5289162 6122327 2116564 5058104 6947557 908495 9873685 6694508 9806993 2948187 3295682 6383686 1148027 
1762421 5081747 2247974 1554914 2565815 1673695 6160169 1266131 3062521 2224280 9905028 42025 3137122 3207774 76447 6478422 7757725 3653021 4058271 7929286 5087967 201093 7512358 4724661 5940460 7116227 7594981 1264810 5964393 4092486 7987412 4957970 
7124502 6996631 9673754 5409154 3974683 6031242 9133422 1159964 3763731 7050741 4359650 9775980 2278801 4910917 3036246 4870329 6592824 6506697 9553645 4007337 2453813 3281507 9704254 8720363 6269022 8033410 8945278 476899 4127105 1832973 6235470 2887077 
3304951 3091189 1785687 5992881 3825738 3180483 1490923 8351171 1338571 8654285 5923845 9147585 8191872 8847767 8948419 6329161 3734973 7324261 2309598 7692753 6490869 9443148 2633353 9254076 2130538 4067967 3844123 5902743 4406997 2789481 9080513 100618 
6376478 5367944 9099183 2272328 3204789 7643459 7797368 1163918 9411664 5895872 766118 3640656 7154404 4918238 3525199 4192811 3387307 2954463 2803524 999196 3880372 1420694 7272294 8206306 7739925 1797731 8028341 5791168 9772828 5564923 782175 6543 
6986610 7190122 580679 2962412 9755982 1608726 6526605 2189186 8506496 3585965 1597279 2593057 4674188 5430539 4141967 9208347 7939397 1066912 7950009 2433502 8339852 1627209 5377441 3114454 7176150 8397006 8344799 4228853 8807226 2059781 69303 6574004 
5209885 9272431 6999844 6019029 5986229 7649383 3725196 3304994 1439560 2794302 7362675 5627959 7954766 6874131 1909989 6966149 8547951 5516736 6138864 6620521 6121107 2506828 384192 5977102 7241594 6752397 7338248 7062545 1143841 6572088 418431 4806286 
8274440 5341770 4962840 501949 4560816 2763570 5494040 9970201 3391067 5748037 9066776 1789152 8060298 9588225 513863 1661164 3228116 5865952 5392809 9996281 7384721 8317837 6826981 7308698 4604312 9373397 4635901 3492655 3065891 1092643 8863378 7997166 
8723442 7700165 918856 2012778 6015942 3504815 3063696 4884672 3321340 2309068 6631248 3731170 5278206 4156614 2094689 1175998 4630226 462848 36539 3786390 1617113 3706943 2373346 1290969 7943238 3537182 4152717 4187478 6523567 1449022 8436003 8252960 
5215900 6927161 1462592 835090 4858743 7493570 3573470 1802261 9608027 5908907 1900991 3696160 6132099 370598 770877 8202139 4517065 6025438 7099140 5211512 5598606 2143269 4037327 5673683 4105433 7522008 3816223 9228635 7339961 3983135 8452741 2206431 
7820392 7765947 383383 8540079 786519 6773271 9319892 5038845 5173172 2427431 2128164 7677777 2570073 9829231 1076436 8268143 2457888 8131442 3006516 3735962 859604 8468720 763719 9228927 3836937 7955819 1069544 2501236 8117990 6679516 8435473 3821587 
8221833 9841351 2310057 4234437 2379068 607706 3897217 9735797 7703446 1820536 4603567 4280030 3652427 5106293 2685104 8750431 3151178 1726863 2478681 5613401 2716756 5580227 8761853 3295858 4745112 7283307 7705356 5967625 5185345 1164119 7269628 3029438 
4579265 220896 3622406 2894272 6558730 8688037 4744907 7420649 2771071 1274709 1867208 6005210 6801264 2205077 3383921 1190283 5495696 5019252 3929296 3550495 8386177 9123343 4037267 6896912 1073920 3827003 1014551 2724907 7008687 7521090 4301844 477078 
6438587 5468312 7436957 6775771 9902797 8670080 8362907 7616868 6310367 629349 3665376 5728010 7367887 7650897 1591952 6924133 2242794 7071194 9039499 5000966 3273136 8906704 1342487 6664226 469843 5017775 4149918 458958 3779117 6426614 116620 5334225 
3413794 6770399 7236299 2554898 5822488 3654335 5885265 574753 2538877 5842124 3333021 5218252 8423367 4432214 468277 9653773 6945478 988039 7769268 6067199 9506403 3604999 1094765 8999318 7503823 9118349 1068445 5486000 3659960 3813807 7789452 6578086 
720476 3196332 4203179 2079074 8459119 4349101 6328782 2947279 1262506 8904199 8092056 8567996 332547 7292759 4216151 5361362 3706237 8758582 8299232 3573803 9169708 872457 5988383 2724215 6864425 2745121 716283 6350497 4627781 1290422 1439927 7736751 
2272195 9857790 5247497 794679 80986 4906311 1160110 7350938 6228400 9238888 7065052 1124029 7017001 7036666 227738 661149 2450378 1495730 6681143 7929496 1550927 5756654 95705 7757385 2922640 4319069 4959418 3214246 9195490 3095734 571002 5934452 
5668444 1914692 5641172 7733428 704610 1963925 6283043 7726867 6568835 1454171 9335839 66466 213388 4586757 576878 3522086 7560627 9445485 4228879 1946615 9433181 8602127 1383806 220056 1184294 584527 9538938 4136141 3998891 8374262 5408630 8294368 
1935801 6320707 9438765 7032471 7061105 8439736 5725913 8492584 8608088 5261210 8624680 8854112 3104293 7843636 3125698 5387891 9078096 2263517 2654972 8073977 254745 510253 4966474 5928303 848365 1910623 5429981 5913378 6447114 6446341 3671353 8232070 
9232305 6480794 2304875 4765205 8967552 3191876 7972200 1765761 1434324 8148344 3323793 351894 9521418 1353146 8724068 2155546 2802009 882545 8401701 497135 1833436 8581114 7089822 9523237 1489259 5515740 6786531 3810122 3387266 7368639 6007251 498774 
7536736 510603 4432240 6926415 1287458 8444026 4759480 6921255 1694427 3604501 6548535 6802018 4247692 1002179 8523847 1588347 3635342 7076563 4717194 3090698 7671165 7848756 6045058 6304504 136715 1033930 3228046 1809386 3471842 8654567 5205238 5643197 
5210902 7984710 6259239 6699970 4385187 9027811 855518 1320625 8283287 9314294 7372481 1528193 4054112 2784242 4989978 8229553 6850494 7310567 1280281 4732931 1932298 6098411 6855501 2156203 2296527 3164427 3466173 1627248 7365478 2094823 6189670 9504740 
4159760 4754919 4418890 1497696 4229034 6767971 665811 4923818 5187996 1130008 2907488 8642719 5064727 1761841 7872470 2828530 3095048 8360242 6039178 6479025 8127846 8878863 245245 1278400 6914374 8365803 5599433 7373592 9442997 1534767 944745 787837 
7023035 7254096 8168863 8880539 3934732 894663 9687695 465032 8402534 7431050 5109172 7268736 415086 7550651 309366 3421203 7172690 6061132 4698960 6420032 9467944 5125999 8328156 4832369 3911080 3744326 8103372 9193256 4588256 1134059 8724465 4307136 
8031072 345486 9576476 658009 4961742 8943712 9387023 8605953 7568407 246892 4007814 8469510 5308992 6191495 3426289 8195797 7709973 2231937 715317 35560 5034645 6601793 1021371 1443244 4319298 5528069 3454786 3868655 5207800 8028913 1946785 2275600 
5848030 1175780 5713866 470743 7748997 208829 707380 5371868 5118954 9907550 7816254 8442996 2033235 7759022 2759502 5655023 3268051 1632866 134877 8529800 5154187 2146193 5066149 482355 3248960 9673312 3302645 5990888 6441156 4583733 9253924 1898418 
3704232 6842389 9031005 2115064 8084820 6604677 7899406 4636197 6463770 2665209 5001944 8133348 315256 4396541 1038940 9695436 6820570 533881 359409 7919034 6682136 5620757 7117457 717733 1012073 2106323 8846814 7342060 4001985 22389 4289905 501725 
9306628 939 3406979 762556 5410871 7303361 2504684 1712010 2361093 3623484 9126950 3112928 2471900 4873779 6092541 6553522 8674035 8796313 8815370 7741818 8676284 9367897 8710537 8005229 5886254 8480246 9656447 8956106 5412510 3618019 9916001 5611318 
2078101 9507948 5607807 6312547 3384963 8286837 7116821 6635537 5770785 9065241 3667832 643052 3197792 1663079 6851400 2771052 6208489 6278256 6316519 2808238 8717240 8490247 3311371 1543452 5050495 4239536 2458374 1489028 4754294 5220920 9916682 7726246 
4278603 8267719 3387299 5107576 6892439 6193213 1194971 3209616 3919129 3718899 7145218 6069713 9509509 5764386 3727243 59473 5760954 442570 939134 1972572 2224526 1058631 6742833 1358910 3318589 3261499 5932467 7158941 1413326 4217339 5874236 2542203 
7102204 4624524 1066311 2202001 4194263 1843973 4971480 9952935 9097249 5609738 1086308 1715715 9233393 9458400 4771212 5044150 8044310 1425141 1833994 7484346 1099955 6266885 1356966 5235423 9703198 9348593 9248634 3676377 3163356 5799808 7318145 9865080 
2480220 4966339 4844930 7081290 8375600 7310869 6895738 5587225 2583798 4681742 5797067 9117933 8601581 5486203 986631 2972357 3351512 6577869 4028108 4307930 5312207 588256 7231919 7104808 8359193 1783526 9000427 4726282 409623 6031477 1358491 827299 
3101925 7480397 3874297 817283 9478842 4790345 1876471 8607244 8481128 3856787 7145353 9548885 921146 1449036 8525689 5202995 7347560 1230239 8238128 3244646 339580 1254132 8437680 973847 4930549 4330249 2944639 3871190 4592188 289591 6303794 5333413 
2193130 7579656 2735906 178061 7567725 8081254 7037630 2577408 6164353 9505969 4748718 4704776 1292159 473202 5985860 1840193 8417995 8590947 129694 5410533 9115418 7943087 3387637 886873 196882 6204643 2871912 3691744 6682778 1367432 7329788 5870118 
4830704 1720326 8374715 16801 3784523 3235461 6028467 5962531 8080308 8063626 2485177 3524083 3104732 731989 8228513 6923525 4663103 1026175 7454355 7885518 6640327 1274860 4869879 431579 5087901 6072891 7607214 6302709 803515 6776123 3019866 6381637 
4088115 6417965 5387466 1907858 1226181 8867683 3971279 9694003 4837470 8119776 7334460 9223815 6669376 1123077 8028788 4572852 682606 2911650 2991920 2164292 4181439 6244252 8508358 8458455 6245500 6968691 8528868 9733233 4824716 8779626 637178 115527 
1659335 4763580 4294895 7974073 6733318 4293719 3380769 1504737 4747595 9226646 3308572 6861185 8622238 8406490 4650509 9040001 6918440 1966210 5943326 847 1981167 9882344 1264054 4414454 1503207 3149221 9142266 8739362 7282036 5283680 1033893 2082398 
9195945 4814608 27735 8472737 2725440 9045112 7840864 1875491 3780704 7568555 708359 728585 6988447 8753324 3187725 5830716 5277479 1445016 8925893 3595387 7134616 9053973 6726871 4434712 7435320 469072 9287946 8114127 9377848 1172559 7697739 1785302 
2500295 7838468 3730192 3818233 4361202 572603 1591035 2988165 3678534 1707675 226923 4592362 7955699 6634842 2291912 4444654 4197711 6078509 5563085 6161397 8079124 5916413 4736448 5839738 5180356 8220985 5018457 7989700 860779 6667288 8573018 9016739 
8794672 1403969 504895 3281435 141591 6525093 2981938 6444227 5782047 5987651 4492921 9153840 8090263 1175327 6075370 2805001 1794686 2253006 4705702 1702211 9245372 8244117 8231030 3434803 3486933 7963745 8964845 4594104 8049332 7658983 2179672 2455596 
1111004 5468920 3480361 7585752 5979068 1805138 4817334 8788616 9038019 8475430 1676942 4440877 1418568 1467297 4040019 5444392 3954201 8500355 7726049 6121625 3518465 6775374 2589435 7822667 7244473 2915365 1203815 1652877 4121415 4124472 557292 4492380 
7803977 3084824 9672772 4334668 1149521 1559203 7916646 906088 7814268 3768849 7736830 6891583 3223462 9106087 3002602 606348 7967750 7914560 1152469 5914567 3908779 7372448 5474228 6816446 4906891 6646022 1105703 9168503 2687530 4191735 551937 3429685 
7206931 2110211 3882348 4895078 9882747 7914628 4733732 1735444 5186509 8990347 9469937 6578096 8134329 9082471 566769 4716578 7721475 8742670 6969693 2172911 2312745 3546166 2326943 9499952 4701353 8835895 5857028 5497575 2223830 4536069 5842048 8706478 
3969628 8733731 1385542 6392865 2337263 892037 1688575 6940777 9825071 5495588 3410523 7431748 5530122 4412537 9442239 1147748 3558369 4081175 3143381 7312141 4749117 6986149 7927943 1986359 19625 4687616 1040399 7599281 5145352 7556514 2199053 4636378 
447317 8660700 7400822 8472210 273408 3195231 6987790 7245399 9815683 4227960 7932212 792875 4398589 7419092 3948999 9075149 1469832 2155907 7675969 3832891 1530759 1267489 2069074 7644825 8902650 2639888 9246151 2602276 7282652 3928501 3652593 9796687 
4930817 2606000 8188853 1591567 9091633 5798743 6829554 4830031 5348344 81368 9735415 6997285 3813526 7493862 332355 3623216 3614720 174755 7383745 1873009 1090669 3659246 4318397 4283994 6427327 7678235 5953391 7528003 8367960 2732120 792202 1502029 
2929138 5884296 9957091 5991565 5535528 9364877 3995551 974914 7804947 2885034 9223680 6159371 8171754 1667896 7502703 1094349 6159978 5012234 2630370 2335207 1560629 6653920 2873688 8310814 3220565 8412839 5849685 6178667 7197811 4535257 8253098 6342930 
4871981 7809178 643264 7744007 1754275 5843526 9242991 6575045 4989182 2927033 5690039 8113239 9128783 1025909 7624123 3488786 7799652 411038 2567054 3531246 7248613 149862 1329642 1628123 4295666 5177929 3867879 6942399 1935663 4917176 6921149 4003258 
7726617 1705038 5862483 1992202 8954614 8301449 5109235 4024690 8484336 5793147 8290086 4667342 5625641 4201707 3100437 8090313 4609416 7552762 8737264 5866223 4200769 1332064 1488033 2357522 4801808 6354501 8780944 345639 3633900 5838426 144410 9680408 
4237828 6191502 1984339 1478512 3958905 735098 9660273 3749971 9386353 5795788 8014546 229649 3379021 11715 5448703 1691481 9750026 3275640 2976022 530378 6743739 2497405 5556376 4723145 701822 696703 8815376 511153 5522338 6683191 9813280 10031 
4125561 908215 5436954 3311656 2203064 4180680 3752297 6299423 6016223 991486 4429560 5735764 9624016 546178 1131130 80150 686363 4502497 4920024 6708601 555961 9665638 3875396 6435915 938399 2953365 7684085 1516818 5714064 5905582 4747280 7008424 
8901419 687716 3197832 3465016 6659567 4286437 3847991 3941164 2129065 3163627 2597196 6752864 5919981 215637 4726990 1144211 141054 6534272 8164232 3372298 8757647 3964998 231025 301582 9933027 157169 2010571 9535559 1906813 8849856 308427 444433 
6957885 7884661 3632553 2062094 4756806 7543952 3334579 6790321 1303178 3242636 52081 9283193 5555429 6825270 6437983 8646765 5031115 6433887 8039867 7265602 8165160 8747176 9322760 1029733 7092135 1388094 7755363 7266074 2616713 3827745 4432594 1939247 
234673 5994749 9134599 2984715 7532716 6712422 6533448 7649159 1061220 9456503 5356559 5321173 412503 5742878 3831354 6017784 3358962 5604098 6203663 4633786 8537459 597887 5056920 9028927 9182771 8659250 1023836 1284950 6084300 5379820 6028197 7451863 
2189812 4978718 8817379 4819713 9256107 1962110 7409261 6149982 4997921 6695372 5288878 4726323 7704245 2121681 1653273 407069 8429829 151578 3551900 1177378 634363 2681050 4136018 1028508 8897650 1685334 9231548 4859681 7220840 4460856 8413880 3210865 
8434373 1326838 1008483 5071322 4355082 7405886 8443251 6707599 2864158 8198844 9873557 4845056 1385108 1585014 6188198 390047 5379138 4641582 1570614 3789012 847728 2787212 9977259 4046756 3844610 3992500 4599570 4779114 7342229 9638027 4085849 8043046 
6123401 8387575 7089046 562132 8221322 3674475 2665770 4801348 5491587 5184478 1580119 606833 3932227 7274470 9422031 55925 180631 523472 3778841 8398355 2794808 2439386 3779300 1061345 9144191 6444018 2905171 961560 1051569 6113580 3155390 8498307 
1334344 9103125 6591557 5271352 3599634 6036258 6281885 5282489 7079421 953759 5788693 9651004 2521167 6342430 2681838 4404699 9345174 8028936 704748 5458579 8127175 9186841 3473987 7056840 5744354 1272658 4507496 3610345 8835083 9766915 3065331 1355295 
3062650 2279204 2175193 827141 3325767 1012440 6118337 2701142 509809 8963787 7621883 8128201 1991135 8039562 638791 1653196 9773152 6293686 5973116 381109 4882013 6835221 6752104 3558107 7368959 864340 7584034 9055017 9644685 2351470 3432282 9696204 
8348127 2675860 9391181 6425063 3207042 5463524 9925814 9612494 1658177 3041470 7706393 9645285 3324805 5093779 2257072 5879580 5191458 638033 8420157 7137006 6362653 7587837 6910865 7423146 7396591 5679936 1822609 7264717 5487900 3406634 3676607 9065338 
9607926 9785149 5887719 6356032 5516042 4204140 4852247 1269444 9044006 3267979 4357812 7887604 5943205 1704336 3649264 8050783 3054160 8534 826525 8325777 5088260 8480021 2227988 9593334 7700863 3642444 7485958 8770550 1877914 4151881 7956076 2584343 
5698609 1273704 2114322 6686383 5048069 2533378 5431453 8985459 7359917 425046 8789359 9618096 3111836 7310885 9257583 664634 3954620 6898812 9931085 8743965 9535844 7207577 1399154 9591699 1772848 1895074 204852 4738908 1799836 3610766 3765702 3319133 
7815403 7599810 9455427 3937363 9289155 4297548 2483018 1964424 3996905 651203 2103662 342270 3377541 6686430 4634506 6218235 5155237 7286499 4805210 8077592 7883384 6290749 2966529 4045974 7194175 6375071 9843702 7426341 9649741 6459543 3206963 9429881 
124856 6352024 4896425 2968696 5755823 3655722 3970147 6091029 3249896 8087012 4464433 4511574 7909417 5533471 1833063 727581 4524531 5922745 142633 229961 933058 5758873 1817011 9725891 9232445 3924345 9903806 9931530 7901310 8089692 6160951 5812183 
3834892 3509753 2539756 2107135 334297 7622558 2399290 7406582 7305489 3266119 4397619 2263143 9779976 5270447 9793944 4781428 2183736 4839411 4698899 7677285 89398 1935255 6065619 1023648 8380971 1316613 3051949 8266678 6313418 6356122 4880022 4427219 
3370372 7233968 9571333 5420980 1278230 6929863 3756835 6311611 275053 7595578 7817019 4040059 1459157 2086892 7621874 8866271 807103 9928091 1426200 6817527 9771393 3908865 7695643 7444339 8765104 4654917 5209586 9687824 5424617 7750294 699459 8804669 
1429860 8755384 1187878 9976824 7355355 3006995 9138272 4575368 7858703 1997107 5068528 3808728 5448362 2090644 6104812 7081578 6774400 4986850 7244169 4946679 6915204 892500 2578716 6414084 4554859 9210767 3061264 6416214 2879997 8812908 9798423 2807245 
7933648 5219609 2307255 7461910 5210963 8043481 3464787 4563245 8296418 2158026 2012293 3411929 2201911 1077646 5946286 7579113 8079467 1595676 9513863 3566663 3284863 5147285 8127428 5656898 8048642 9351627 107719 7557443 8439569 9133805 6383109 6444176 
2927762 8280207 4756892 592615 3735994 337080 2317543 4870993 1662109 3560203 1285291 2305988 5274568 6322178 1578176 4481659 7051378 9723173 9685890 4122974 5960119 3522554 8976798 6344455 8087767 9519106 9584677 4110452 854671 9483992 6555053 7230195 
5606297 2077990 9335751 9881902 4547831 9655566 322627 9632917 3455441 8911876 5434640 7106328 5551653 7354169 7652825 6024746 6405576 4316467 8471259 4211021 1408121 6163133 4290734 5670464 5494766 8177079 3352978 2309986 119431 742264 7106941 3134787 
6377960 5582104 5432147 6038649 1470807 1190645 5451860 9584625 734723 1416193 246876 1272365 3292245 4001191 6666403 6492360 6661079 2697676 6283297 4610584 1883859 6129352 685109 4137515 8801189 7061191 4507051 2670072 6816263 8365579 8758325 1605909 
4381761 2047003 3347981 7695879 1520402 8263228 9837549 3826143 7161608 796096 6993516 4443108 1421520 9382184 1661349 9608530 2128009 6407598 8576359 4719482 4376156 3280048 9223700 2086084 3185620 2810516 9090703 4441939 1125979 9020465 6691850 6788952 
5898085 2530246 9617018 8456007 1506458 1568897 1518054 4571554 5249124 9091260 3318294 8950140 8057181 4819924 6475462 2719214 7537457 2550071 5258327 4341231 1865941 5337906 1146847 979059 6806522 2896777 9982452 3173411 5451365 3822118 7286642 4972308 
2230447 9821378 5394303 8991478 4938531 8724161 1636415 6378358 6016900 8350443 6082676 5492889 4473811 2635750 3544572 8028225 6511214 7050704 6076687 9453379 7980230 8922416 9541891 2215081 6591588 5976999 5501108 1835286 2232694 1044499 2642324 9015271 
9378646 7201887 5665080 6302567 3953061 3235 7839310 9022640 826152 3823402 4571772 8046429 5373833 6771095 7518279 8897026 2286776 7336891 5893399 9451360 9631758 82502 3184806 3574039 8920088 5435510 8173890 6939851 6155960 4037441 3169432 875324 
2020251 7461432 1812713 5124588 4112551 5396085 1181372 2112673 4308913 4907035 6692997 7478852 1276069 1142907 7759891 4045895 3869708 8508878 7633329 1577218 3439873 616916 4071460 7542160 5208869 213433 5442152 3562722 2029997 8380202 1468070 529155 
1862824 4000041 2256958 4439174 114301 4005560 7730335 2727476 8409795 7620542 3201217 1155656 3119308 2721682 7739237 6747186 57612 8899247 518940 9692350 5236425 4515964 920977 1379751 3261163 7331771 2144626 9609976 4595517 7331276 8273521 7521004 
5269881 3659030 6699626 3864432 6779716 8674495 1841264 8140816 6863448 2395289 4431588 5287800 2889955 2714952 904965 7519646 5078868 8769134 9241742 3488605 6864306 1975541 9572713 6285831 7768096 4566299 5875378 1413622 71834 1371184 1877274 8099739 
9930022 2249684 5854408 532297 7574286 6249526 2656599 8830177 2979084 8399974 6419820 1049685 259155 5407797 1232969 4060085 9845232 4298148 2442165 4868584 219291 3344684 7353713 5527050 7828517 8462580 473458 2581936 9188380 9896313 8673518 6555358 
9518370 2944352 5964655 5212634 9867229 7540998 2355149 1389910 6331788 3947863 9363416 2029127 1019924 6299043 1452737 4944694 1875844 8336355 7581820 4218421 6242641 7373032 1896815 6269810 5253240 3489530 5467858 9329721 6729873 2017773 9942583 3731370 
4182813 3524098 1952318 9449450 960011 4583756 9264504 8761762 3034134 3708410 539454 9359831 4403155 4454776 3530634 5363371 3463372 6590283 189125 7273351 2972857 9597211 8608157 4006855 6209388 285283 5459135 3927426 7480648 4771606 466328 1653893 
1307192 3211220 2775740 6977189 3300983 6699663 6210439 4329809 7296638 2898087 1943820 5653519 8065128 2745399 5230740 3007502 5935425 7789281 9692517 4881274 5035688 5908695 2069565 6909760 7231177 4606719 2126517 4120385 98674 1323848 189704 8651144 
5337749 7272493 8604317 6230350 6833445 248261 3100078 5147858 8854533 2339610 6216472 8153478 3634480 9672184 3335526 6246621 2321004 771353 3832261 4405399 8871369 224720 9015389 97921 5939014 8494859 483784 1664109 9930197 9909491 695109 2111895 
9627942 9915990 3226774 1597662 2440555 9311321 7923837 4615564 1010535 2509584 8123340 8638850 7635833 6647499 3838341 9827347 84510 8984313 3569116 1270390 3472703 3281082 395759 8778107 8281825 5709284 7574947 7965643 2868781 5008804 3724522 6613567 
6916322 4250463 6116557 8392201 4704675 9139727 3181182 9464839 5126956 7479923 7728488 4078654 9486496 6650098 2204209 1545488 2919358 3813625 5282219 2809355 4769594 7768355 1820521 9896455 8973700 118695 6770361 5152690 57813 4791622 5155170 7846743 
4801301 7340718 1044328 6731920 6777680 8546305 8467751 288739 1595664 2493142 2989104 8335933 4217947 3135311 2844294 3363417 2689047 1890076 9393593 102157 6944551 183795 8438435 9987883 1775947 3887224 1880067 9244948 5866656 5969465 7435603 6779196 
193300 2424593 5737963 5928016 5272307 9074887 2278548 6190909 9688909 4182409 7641644 263358 2767025 1437738 7785626 5266610 8081119 2150674 5516359 4115942 6014951 7338087 6212483 9602854 6932145 3781319 768138 8467419 2803309 290447 2627648 6125152 
7162971 5359558 3109609 5626747 111975 3505764 6076340 1972645 1927156 9229427 5061362 6611818 8817546 3319750 6270824 5944737 8114031 4204016 2238890 2508469 3276754 268608 1787885 7125916 3164043 7875925 2037853 7536979 6208874 867833 6278375 358256 
7830412 8390718 1298053 9629166 290811 4306062 9407766 2162736 320087 8631484 8786521 8941008 3666782 7138033 7522536 5498964 9549669 8574946 6048162 6481604 3843221 7076196 1794464 9176631 7138310 4667647 5017098 5834736 5599243 5426771 2303009 3251359 
9202356 1395314 3994017 9166304 8521085 5099370 1387169 9125157 9875969 1055728 8497600 4507032 8241615 196309 7582078 2490473 8454806 4436964 1194654 2598850 3220180 8870140 3733589 3446320 6926254 1637870 4285919 8256306 1788899 8440465 3570335 5960256 
6110351 6034457 1405566 1023420 801471 7621136 2341418 5931780 9919121 5676719 215055 900471 9385999 5645282 4153091 3791858 4244867 5358958 8859224 7465588 6268510 6999774 8132407 2468960 7998418 2117829 3445018 6406476 8291982 3679265 6317552 2850407 
9120030 395389 1440303 101047 2241923 6678424 1052601 1450550 3684383 6992483 36740 4873476 8999373 7833324 4570051 3444397 1749096 5207543 3181619 5389333 559981 806495 8689957 1357875 7416743 9051787 2057923 9218277 1982487 4847136 5722770 8373323 
8233453 3613282 2545667 3470013 4714959 763814 5629012 9933313 7187273 1979601 4210761 9950684 1362469 9416605 6979808 8107539 4789088 1333499 9228893 9599099 4571403 8989036 8135874 4497819 8346476 1857152 2078709 4703314 7734545 4571461 5571189 6465414 
9343732 209792 4081900 129150 3713116 3914645 5789105 1471134 6560569 9169250 2694335 5054456 4373710 2610846 6312858 6705329 8177786 1851419 5076652 5235415 6330562 4122361 2376924 7226179 1698079 474728 4102735 973475 6473931 8996733 7534493 8989859 
3646480 1640952 8678071 4062834 9939849 5019312 3513822 5715801 1674953 8469007 6146716 2583265 4522491 6400473 3929854 4546167 4736797 5993413 4025265 5715881 962600 5389158 5083192 1273639 2227422 8306463 5193144 6656337 8408935 1338005 5240156 3028850 
8077726 2188640 5281385 1380755 6000975 8890141 6620310 2226175 297539 5288825 195843 3525725 2064433 6655128 7407510 9516636 1028160 653226 1576368 7902997 337949 2661951 2974422 1311720 9081583 4985649 6719508 8551255 7275601 8453093 6097615 4863940 
8676024 3041494 2549940 9682885 4116835 3731318 7451499 7219104 3538068 5039193 675922 5117988 9075038 3072789 5202226 5174664 1600522 1584787 2026010 4788768 953026 3437534 513981 6535571 2201712 8511655 3165419 8105497 7964890 1759304 432438 7913952 
1318966 2566281 6310864 7997787 6438216 9097334 3337888 7263640 3161867 5757019 2022491 1173469 8505188 7691205 9799846 7260632 581056 6227809 9386157 2450986 6304714 1810003 4896500 951749 1323276 6686615 9969234 8955819 7860460 7918057 2978043 4104221 
2931058 7961220 2828326 5997981 1087565 753416 5362944 1260055 9850649 4693580 9617763 6501421 3537420 4331518 9307080 4043375 183543 7317318 6749666 4489942 5155286 2447071 6759277 1892308 37019 2806837 7809567 8377153 3142975 6053837 3307284 7719010 
1113738 1528339 2129683 7502164 158869 2199148 1334619 493735 624844 5241928 2740404 7568983 2001378 579125 2861077 8248514 6548658 7325081 2379701 4023788 6851163 3405015 7827761 134856 1089722 3400873 1941961 6485808 3667392 9518733 4072064 8109187 
483588 7129556 9829709 1621748 3659966 8608306 8203182 4608812 9062809 3046100 4473009 4523104 3093850 325859 3026069 8809873 6916261 3545303 9963753 1892156 9048572 4800122 2452789 3285814 5352257 1904752 2017464 2866519 1350577 7620989 978815 8081377 
376834 511593 3695355 2525757 4066984 401408 3674363 5383144 9220715 1845996 6925531 3860139 1028790 7027449 6348030 7238222 2139507 9377335 1085126 1700181 8204612 6776260 1782512 4447851 6049715 4021174 7139081 1751142 5098153 3236077 8987309 2554200 
1902990 6160672 8524763 2266744 8961743 9533575 9307526 755294 8851605 7724793 9438008 5429396 272946 8969630 3797408 6843351 7119949 4081410 491968 4367529 3487776 4937625 7348095 5932017 4139024 353766 9744270 1296188 1889408 6339876 9077675 5078326 
8850539 9786106 5954087 4167257 1912242 5763671 6909531 1037182 3753074 7027078 8520549 426892 7823288 741795 5657698 466774 6355292 2942128 6750554 6147513 6041688 4059124 1619970 7994485 8794060 6573876 9187116 4173574 9196257 994173 8088554 6152280 
5668781 3060434 3434973 1720358 46413 8312592 4774873 6743847 1441101 8999892 6354038 100237 8334582 7598788 9825364 7195719 5238444 1816795 2260031 2354735 6130061 6729470 5081416 9750817 1714731 4749869 628145 2700434 6561632 540831 4666423 4954481 
51274 4972259 4300154 9967741 4259892 1396875 5602919 6870806 1586691 8812424 8080285 6353877 5949118 6154608 4349376 1811994 9540464 5994809 2124880 6004659 6689422 9823977 9963093 5116993 6738419 867480 2765048 4591313 8882578 952322 6869913 4507626 
3543554 416603 2729506 756961 7108917 6832391 1658869 7534623 3965861 3959376 3456273 9237751 2693630 4310881 6122271 8852258 846741 4905862 7794952 8631933 6334690 8844320 2504431 4876875 2586282 5962462 9176670 2899420 4907574 3194304 3549014 8652282 
5188773 181575 979111 2436464 2206355 8130249 3562410 6247073 1249555 9085030 2537552 4750625 8866745 1376759 4843455 4001741 5641095 9183237 1617728 4349675 78721 6295917 9271882 5596603 7445748 3461400 3207645 3336266 3893978 416955 7244848 9496135 
2199157 4936109 9710179 9336070 6908529 9738553 6907668 540500 3386155 8618683 4267123 6878245 5596996 6659540 2827436 2768514 1889159 1309925 4897597 314269 3600345 5977612 6525481 9629390 3712229 3774192 6852073 6866586 405026 3067606 9205091 4209173 
3310183 4993277 9063506 6905158 2453221 7218393 9426464 8546882 3944408 3039163 178300 4232626 5679737 2649343 7784024 7064287 5997985 6906197 6166285 1798771 1690979 9105155 8182353 4254002 8897040 4194465 3360681 9688213 605892 1701820 2931453 4990685 
4532840 8650570 8837769 3653081 40532 2774629 2086464 7678222 7004512 887183 6261991 5570680 1734021 675662 3948561 640353 9469538 3607605 1496118 4561500 6066697 8722220 5781136 7531889 6020143 2901532 7034465 6445966 4829481 9995164 328789 4300690 
6682028 3932674 3510508 1731813 2254536 859932 1476115 9355833 7463319 3366498 4832894 3338608 8133349 5687540 7816114 5889823 7137070 6262095 2726560 2285584 1059283 4645331 8462982 1377628 3686477 4686048 9391705 6054826 722750 1621803 5486732 4984394 
2394892 2778686 7897315 5701612 1809601 8651794 7064137 6225836 3590741 7839232 8693812 1190304 9483853 5729384 81964 8359649 1522061 732332 2159234 2555218 9087772 8125545 6988958 648739 3898448 5686968 5162052 1890338 9549436 3285937 6547 5371449 
9125357 4799416 6390120 330962 3640700 2234159 633577 5399950 2049735 2920313 3445348 7666362 5507025 2523731 6469056 4217843 5892119 1484674 6506047 8224591 8880105 7208917 9587409 4208665 7629986 2573666 5879802 9214706 3762698 9843249 4617162 2802124 
6454108 8618455 8621245 6562280 7854320 2824345 3983566 4523327 883018 2465185 9097998 1529291 4424673 9623560 7873546 4972902 4778202 9312156 731182 1531497 3952997 6306754 1367067 3839883 2172825 9383361 6812548 5116908 3514165 1606272 7385533 2190310 
4923292 6435758 8285998 5404637 1912098 5610619 5590697 29866 8503265 6658407 7763886 7290974 9978821 4864335 8086024 3733738 5523061 3260161 1872287 4452022 1620958 4645075 7582516 2669302 7945890 9350307 2914281 8223128 2552751 3351179 6468051 910988 
1622221 5578876 1837424 1592641 201893 5168003 2507896 1638903 8426065 2571048 84855 256433 5468732 1938975 5879595 4657017 9117754 1809770 1728169 782194 3810395 7419282 7105740 5518824 3860659 1991433 4589295 1616309 5423043 9558387 8618594 5148861 
5299595 4114623 2039512 7653268 8111373 7708400 1083119 105247 7250867 8869155 662417 4222947 9036624 1548131 7288123 9742692 2460120 4753946 5250132 4688554 3115092 5023996 2461587 1507668 9979610 5282553 170203 7889630 7369713 9520860 5882063 5186893 
6544631 333737 4094020 8058129 3098238 7726741 3074585 1700617 2086759 7456466 8283623 3028639 8702738 9472777 5835329 6263605 5683580 8922583 9045181 6446167 2017155 3500097 9774641 3800727 1328072 6987830 7994682 2273366 1256982 2450078 1291540 1322630 
1589774 4556077 3458739 711269 8159095 5090907 1330280 2911348 980455 6635536 8946026 775211 8472046 7886748 4070692 3786463 9803096 3086413 8729023 7861753 1873108 9287756 5736903 4514565 9766918 4011637 1473750 974383 4399467 5075764 5457390 68356 
600151 4143371 9959227 213946 3948329 5021848 584200 238668 7259976 5385080 8117765 9398535 5969422 3310872 5945757 6941316 4854252 3301593 5494204 6278324 1290287 6569394 771683 9655029 8093580 758816 4950679 2817690 3231403 6829848 7521592 5905493 
8847804 5793109 5410195 5444425 2679179 8237885 6362330 5082966 753393 3864278 8784897 3079155 8393266 6127210 1264318 536327 4302210 2029761 486341 9243695 8111108 1437849 3287033 5949713 6813112 6683767 1731634 1760036 9877893 1634180 9617454 8447200 
1940119 6766132 210954 9918961 6173246 4245855 7480238 2630638 7004266 3621692 9941948 667795 3012297 2894732 9705677 7900027 4710044 2961089 568879 3498940 1409397 8012396 5609711 8604940 4909860 2863410 9707625 8828794 1311263 2393172 1673196 6808775 
8845009 7131354 2705053 3200044 8352386 3846332 2333249 2841928 8757351 5409965 5989567 2597057 1674491 9217716 7342447 7159279 5333420 1733629 3986999 2937138 7541076 2026004 4531055 39870 4766471 5945810 2819340 9378466 9101700 3503921 9358932 1587357 
145819 3647065 4838897 1334884 8579592 9286636 7117557 7861917 8506812 4287318 8844045 2907099 2422657 8675724 4502946 3710585 7708434 1802291 5049255 5512999 1255702 6240883 8508269 4178739 2061129 7481170 2949923 6107132 9391450 9746462 251748 8753883 
831405 9996090 6697510 5275362 1354429 36214 8361394 4247034 7828587 1684537 1605039 978440 1688475 8407205 6224560 4560391 4000953 2631171 7620359 3256749 7536968 7396142 8636203 2204235 1751692 5850131 2959047 2582150 3711809 5483285 6799040 1422185 
1609125 974085 5185579 4853284 8856817 5342416 5748904 5394461 9951433 4955847 8702389 127446 9574024 7529999 4388786 7363329 7961642 2298399 4568719 5622587 4312371 6966014 3215477 4940304 4710851 3258518 8039398 6244648 7953504 4103984 9882933 6616933 
3582680 3325343 4243017 9018382 8237592 5575191 2106375 1243173 667185 9514588 2374884 4059050 4609428 5988426 8847138 9606333 5794372 3758567 5910078 5179287 9556273 4579978 9109670 5766359 7807693 4964570 7262556 614350 3595163 7494828 3915812 5908916 
3482418 3245115 368053 9569106 2574228 4370586 7260744 9555424 4200623 8541343 8831670 5333070 8490764 3971689 3717829 1827578 2266647 2842468 2207978 7357429 584795 332736 6258232 9662547 523813 4915177 6905116 5200592 5298189 6558077 5784011 1381084 
4947354 8811871 2034545 8343148 3230300 8433994 1128629 4733997 7906456 8830476 5657970 290567 5070579 964040 111246 4736907 1366949 4037365 2533873 3748801 5494164 7674878 1860974 202844 4352835 9662675 9834485 5919891 1036983 1078758 931837 7715061 
5652075 6416944 2521823 3636732 1954193 8824365 8815740 6054090 2943846 5775177 7324134 1876784 9100044 6173935 3536882 8839355 5656860 8436545 4161350 1595243 989449 7388646 1581108 2044988 5275191 9565622 7801780 6839838 3144351 7519016 750505 1061383 
268585 7608559 1666409 8698446 1178913 3397415 8961800 7478065 2614922 9818695 6502626 6305241 5963346 6982760 8496438 6025962 7337508 1145986 9292027 8783486 5659910 9158210 7710323 8098299 130935 7670185 8031311 1625299 964786 7001652 9387413 1643528 
3798529 3201532 5204531 8579675 654754 1341468 4812900 1394068 1582269 3407308 9322600 1840162 3838248 2302001 8821310 8629474 1647482 3682949 2561043 1552360 7259917 5227507 2845278 9564239 2261486 4250493 6867572 5078389 2391388 218067 3733526 9613636 
6993646 2730156 674754 1797118 9103368 9241444 5299374 4095414 5473221 2629499 9636478 2654872 207357 5221723 2509776 5309957 9492643 283578 6433109 5181437 7725836 9068107 8394191 3982874 9486634 5301582 5753891 420461 6955991 7652331 3907317 3098513 
6966880 8016058 4377140 6200923 764714 8529176 2412022 318465 4502379 3947312 3610622 716395 9677999 2719461 9022917 267455 1188162 7611840 9700364 8788878 1884837 8434734 5528262 8158438 5818776 505014 849940 9838340 6227366 1407728 925571 5226708 
6696305 9672578 1000623 6235385 4677122 2774081 3877240 2192575 2516282 6507506 3018196 3662843 1137124 416174 8101570 8722455 2660042 9345205 540153 344548 5458192 1554501 7512881 7377832 5014435 4874027 7837387 1020946 5088421 3390792 4224949 8796370 
7079244 6520358 3190244 1699757 2594979 4694862 1786047 9448592 2075412 1754671 9421511 7294143 8279024 2786085 4305006 9255979 6678072 1023957 2530982 4976748 3237453 4317307 8683851 5775149 890469 6479118 2727504 7202782 3734328 8196629 31697 5659922 
8126843 7766175 9555989 5681553 1402228 9472615 5672572 8259944 2288761 5943876 7248760 6447746 2299091 5947588 9216272 7654005 1466259 3592739 8893226 8144674 1580530 2616145 7436451 5665855 994888 5111268 5198158 5661802 7326784 5398922 4228703 5539185 
1114165 6642933 827085 2671147 5597251 3240782 7166651 8606654 5843900 3191643 1150747 5125578 2704065 8997522 799537 3436702 6425323 5026932 2321087 8394022 3617539 7571014 1651567 5832195 1460641 2342059 7258621 8894617 7134344 5060107 9442898 3834336 
299133 275341 3233023 1039102 7088226 4209693 8512475 661020 7407810 1072975 7523366 6472902 6363831 2481442 1997528 4477107 7522805 8452450 4215413 9578058 9999891 8553708 5618893 2435758 9640460 9106041 8498959 1217245 8313452 6768897 1982829 2637925 
4351157 6430117 3727572 7319287 1448400 5638568 8793386 5287878 1251898 6544949 5487318 8073312 1301645 8056750 3615622 4479274 8722651 1800865 6276147 5889853 8471102 1756177 5858276 1351444 9611155 6767783 2611666 4264621 716254 6245890 7395927 4824834 
6851008 9682718 7403300 8215669 6927779 2339109 7584221 729078 4045380 402545 1656026 484024 7453651 6676318 6301421 4571322 686203 160889 963381 1344706 1597198 5924930 520824 6568633 281856 4773511 2598696 5216452 699112 8233622 7294051 5084764 
3855301 3532964 1090107 2239187 656249 7110741 104482 2232632 7634753 3251338 7080105 5818094 9633283 5538656 3516043 4838576 8569741 3136855 4735157 3912191 2891048 8634090 73628 3618851 8680754 6338563 4421507 3747777 2708491 8428230 2003194 3564849 
2208376 2403515 8721584 184818 7251867 3300373 2406012 8256736 9539148 744945 5491107 9332835 8040999 3807697 6589686 2619937 7457534 3583493 4256830 6015615 7405536 747478 9157473 8663617 7014505 4360717 8184637 4406242 7955802 394572 9058610 1078311 
8142325 7924082 2640710 2287990 7334073 9092933 2036981 4390241 2759029 3260407 3226698 4179592 7871664 7221052 8663018 7757930 7404649 4301996 3428252 1450472 6258172 740935 6762285 6586530 5469660 1635121 6671661 8365922 3714958 6669699 2276223 3986270 
6259224 3695167 9935990 5866225 3676694 6329870 5235850 8083077 9752499 1900802 2726991 8768523 8202679 219049 2434792 3154389 9626094 5735 8133763 7231038 5783547 4081994 7859926 3668091 6481028 5324629 3974539 199438 2533598 1376741 5557157 9485968 
4095468 2570060 5851693 2756247 5868665 6620552 7837225 8515408 5413717 8642581 4275984 791377 4370240 1961805 3818031 511255 1714368 187723 8522019 6504917 8713574 8609779 9569188 2811530 7754766 1275194 4935032 9858349 3159110 159548 2636936 970104 
9000450 7036996 7804120 9962276 3549154 4902488 4067247 3858134 3881766 9508176 3834794 3274998 5110455 923003 6044593 3515000 2249922 6059266 2525330 4592618 4532464 6467507 7347268 5529027 6481292 1254368 6347724 52659 3120405 109607 1802833 4407163 
6652781 1656290 8632185 549861 8371627 189148 8526880 1496712 5222206 3157437 9175959 6417249 6428342 3202449 2754507 4678117 5044273 6030806 2068240 9174949 4586360 5986759 4295258 6454850 3192531 6300547 1343877 3669845 9879299 8188475 9740921 7951995 
3649860 4114502 191330 8017606 9249229 5473056 4739255 4668905 4327770 7879989 5334844 4362392 2612484 1040172 853713 9160008 8797606 2487120 198355 1490469 8813107 3882754 2561312 1440185 5606268 243851 3268734 3328594 9657659 4990034 3101139 5284409 
1766701 8155909 584563 5822120 9458348 2252281 2364581 9647029 3461157 5452417 5163679 4645823 4935589 4704649 2350908 2110903 4024430 7943814 156279 5746276 6687871 2150334 1864889 3696046 3276151 8850987 7451860 1626990 6987967 2895466 5535055 8231042 
7245206 6842707 1473236 4782567 506541 8406792 4629631 8425737 7515495 4089725 9831489 6751474 4442502 4303310 1994696 3178594 223976 5841929 1330622 3962013 6637582 9351699 9103860 9541802 4736926 3401242 4674576 4209432 5553503 2402592 4740131 6102384 
3789581 135239 6523457 8322658 1016458 3142855 9678308 9390758 2068681 1238605 4402499 9611019 7357364 5225119 8399263 819394 9032444 1889119 7149281 661470 7325715 5504070 6764190 9476830 5674350 7369765 1800009 1817754 5976250 8159117 8585904 1361057 
606391 6585795 2148527 8063085 3217252 9070309 7836421 6039088 1076933 9541123 5004200 5733409 6953978 7187008 9126444 9543286 3751819 2851993 4951835 942087 3721851 8631 7493403 9472747 8389580 2846126 8140529 40107 1640657 2373896 6128783 4785269 
8803228 6889722 9999656 7583050 9354237 9958700 6668504 1505505 3538349 2958714 3909340 3593024 6365576 6463152 141626 9940536 3476450 7245449 6530601 7642306 7638909 5379106 6849615 2208741 3330508 9070647 7481673 376861 7311955 941043 5184276 7246164 
6283248 8495178 8024295 2160639 7052242 1657501 6036563 214903 1667334 7692614 735072 3870004 8033138 5020725 373116 7815072 6975895 7456423 2963545 340914 9193993 1928713 9650847 8455007 1007177 8808050 8719889 9233738 706097 4228901 2697722 9226011 
2648585 147807 1862854 3503051 7964577 8408507 748245 8839726 5235438 1953125 6947750 7065639 4044866 451005 7233508 2157760 8871186 213865 9954959 9245934 5410391 8075982 1680957 4440586 5928334 3399595 225865 5739203 4629022 2098383 8222904 7586881 
8313524 7981539 1993377 165391 5815469 1634284 9411623 7355340 8768698 8089154 6367995 5587776 2371078 7071953 8048545 9832646 713015 6237648 3041952 6388262 1385053 9570572 2014992 4214037 3862621 4241740 3882446 5331626 1032167 9667840 4405852 6348675 
1837657 3163953 3092779 43507 4535320 949874 3079118 4675658 2900318 1419417 3736844 5704972 6071956 5590047 5923155 9881863 5213050 218480 4814034 6765970 9713598 2938439 6332660 6385935 9234008 9643015 4550286 6547548 6502302 4968016 8103993 9156365 
2791967 7460987 4824222 5379255 7970374 5080790 1144155 6325615 1254596 6111543 9194767 2046349 3308677 5210477 9427762 867612 4786481 6585467 5110178 8931315 4950141 4680792 6051344 2475120 1609531 2208692 84133 2467439 8712828 902789 9007336 5624874 
1021117 6478664 4056837 451457 7447997 7509939 8036855 686632 9257315 4434779 6931539 5832881 7224333 1977391 6236546 1633778 1260475 7876935 922814 6296223 8357231 1380301 3814411 6530291 2104677 8840155 4741213 6755800 2876460 7121457 1826142 2410481 
9914884 3070178 8631098 8458091 2596511 9744271 9445779 6388533 268366 1114102 4858017 2389865 6552188 602158 784351 6129849 9254271 4460511 8045558 1737978 8573226 3214113 1434105 5237338 4095095 1574660 9946289 234 1688663 3789418 9435534 4611376 
5067265 6785573 4709827 8694190 5042866 5118300 1578023 4137383 7894988 4113553 6312371 4629886 9982438 247151 1745171 6824268 8820205 8783590 3248179 4218542 3568910 556738 816060 6559664 2735915 628017 6932355 9596214 1659547 1158834 490697 4392044 
9132930 4381374 8211620 6129578 9726904 9022383 6631610 5293501 3964995 6704308 9819834 3464970 6220503 3517631 5597570 9983991 857771 2543078 1252359 9245840 7109415 8222318 3048389 6294314 1448594 9790889 5495881 6262861 2296533 2645703 8934712 9302570 
644866 7161196 1718879 1928739 5300158 9998559 4237085 5983879 8360116 9632341 3222070 2747162 902697 2729185 1561106 4025068 7422082 2753318 4340272 1619221 2762207 2490364 6986671 3951087 5142869 2785247 6925341 3231316 9633676 3145296 2791287 9811654 
4798202 9998729 6789162 9267221 7769089 6676316 8535969 2208980 1825735 2943838 9807479 1073312 2465792 9946070 7418934 9101975 1649012 1245408 743517 3938390 5027356 6776618 2959649 5219766 5657711 9248590 478363 7689460 174994 9455190 6281159 8274481 
906485 1398056 5023012 803708 2736852 2365402 4739485 363886 2038983 5780973 6341598 5555981 1870088 1453280 2719058 8900897 4716513 2707913 8301858 1311038 3345244 4242524 9897665 9020540 955600 9839056 1088724 1476111 3912702 8500182 9864840 6111131 
8716999 7146189 9681330 563426 1798144 6377052 4694593 4021549 1213405 6515135 7890260 3630271 857408 5167453 4345415 2900548 3952177 5737998 7853153 2734589 8595390 4606066 724774 8174544 876180 6520288 7751354 1255098 329977 6766207 8848967 2952448 
3249629 4800130 9514194 4264723 3125453 7403481 413673 408136 6154412 8403339 7325602 2407927 612768 1223616 9842713 6635591 1154694 6115110 8150563 2291571 9374486 172940 4280013 5108704 3903152 3786418 9063607 4197963 180092 6543574 3918938 4993367 
8265735 2948468 7751847 809517 4249353 6254859 979773 6028905 970393 3067630 7720303 3888819 8236121 632941 3705644 971055 4023699 2063298 7374304 2307635 1247917 787015 9562668 4157728 5926824 4178897 4640892 4016406 3155174 425632 7890275 859481 
1228194 1647065 5890492 9280153 1114024 897162 1619302 3690571 2769251 1519617 3166054 7855971 9989672 7325884 7916213 7719338 9161365 9771281 6639374 9086323 558689 6845175 235919 5257806 3185623 1870688 2698105 9205700 2355866 5492629 5482067 1168853 
7932102 2988182 1962895 3955406 1947102 3501649 4113213 7006072 840346 8386464 1879302 8246995 1369234 762034 5907973 4861383 6896918 2026640 6294128 2573155 9507741 614770 4315750 4968300 2031092 5925414 1758038 8997970 6358121 2467623 5238096 3689454 
4995382 8085001 1457662 6243023 7359713 7392524 558543 7955660 2423488 1702476 7401934 8498215 5275047 3479403 4160674 9297400 3076537 4569370 9044416 7977771 8021340 7495625 1103461 3122057 23468 2564176 2602696 7458649 7111914 7866227 9229725 337702 
93106 1205171 7787609 5990007 4248459 8754265 6218775 3436062 8684702 1667104 4642970 3066795 3243065 3599039 2292563 4292480 5975541 458081 3775486 3734100 4430733 7057249 8242003 5934566 2086572 3757013 5634086 8254687 8502976 3847061 763931 3424484 
6988785 5814803 7446686 9485383 1083658 9281648 5606766 6383560 7829023 8291483 5313174 2383395 9073292 1235361 2043560 1368275 1357024 7916722 3696994 2326592 4438129 4993824 9151165 8761956 2420961 4666670 4968184 7617954 3658448 6562710 3846211 8343460 
6506133 4945280 112592 3824485 1360081 5885049 2104842 2915104 1366173 4571960 5440172 2605918 3394751 8520762 8290118 4881026 5110892 5493141 1004229 5377983 2931950 4802876 4701651 9638566 7661823 1347642 8136965 2818443 4042027 1082688 908245 2888038 
2176231 3099019 6654224 9631392 5949547 9345943 9489488 8371662 4828530 773170 2425961 569382 2147410 7561826 6066632 4202401 1389222 2816546 5920393 629096 8600365 7651161 9845229 6348568 1758841 8066224 40272 7191941 1813281 7202331 1593331 5173813 
9403928 3463205 4627871 4750776 5227606 8091360 4661390 1152074 271937 5488478 8040424 5910005 3036728 3569849 2885376 2331758 6061145 5447915 7027463 9859376 3883255 8341086 4122676 1930388 1714201 720547 4411856 9047834 6195706 8443406 8008898 7282054 
4926665 8168922 2140385 1980216 9042406 1962088 5625743 358670 9121332 6748361 90152 7873765 3693056 3564914 2060455 1567192 8712619 307439 7298316 3992551 5228901 7460176 3618009 6990702 3917413 8331250 8934551 1391669 5869201 9106594 3136261 5601985 
5402095 579430 4035326 5668238 2505269 3256747 5451264 7977967 3950761 4008337 3477518 4081039 8320169 9281517 7407325 8958124 4312238 7022271 5419285 8029034 4003851 7831095 9904858 9331704 4956298 3892854 7336085 2798717 5108051 9808555 3318611 9275634 
464334 3330067 4184877 792424 9480015 1612078 5996131 2644552 6605000 7291164 1136739 7601642 7390290 9424870 6820812 319432 3205370 2978443 4520650 9734388 9547230 6371772 48332 6170395 532629 4659184 2147449 1228266 7370035 6545561 1930513 4028084 
4255438 7895020 387003 109313 3252124 3849672 569822 6143888 3671254 9212453 5887336 1362564 268592 288386 1744168 3155372 5917773 1785770 9667839 6231322 7050273 552789 7228171 9867464 4633272 4893197 1124462 6009564 5820392 4452720 9199919 3253144 
1227709 8179487 9305026 6760537 3094329 8349748 2505138 3810419 6761020 13601 1696049 4909698 8314417 1547045 4641037 1720169 4950413 3517690 176683 5842454 4716122 3762454 457118 4247110 9196705 1701138 2966103 1410494 8987199 9733704 3472081 6651758 
851584 9810354 2265352 3324527 6095496 7009414 9652395 9074629 5722932 9301352 5170773 2372201 6395463 3608605 7605249 3114543 8977023 9311369 8884905 5258420 2663206 8127366 2604398 4182425 9661331 5151382 9726500 1224562 8763564 3697564 3577654 249686 
5465989 1233781 3976172 2253148 5116994 2052660 1596484 4460755 6288683 4960887 2838402 8167541 534928 3474387 6181346 3711307 2999070 1939804 179433 1684157 2626816 9698999 5517833 7233168 3809010 7909778 4827918 6254475 4844128 2448327 7106831 1658762 
7670018 5393744 1099474 7098883 9951042 7134490 1360023 2970082 430551 9508693 3890710 1346190 3944255 9842106 2675306 3446333 1294849 2448960 4028887 6070931 621608 3408974 7317089 7308763 1814082 5564299 3165648 107878 1559982 8680967 2086521 5659898 
9293838 4902687 1612315 4303681 2459353 8347108 9747744 8149873 9701501 2822178 1438330 6757314 6559880 4246403 1058083 874276 9168511 6049294 4224528 5160389 6753655 5017297 2098002 6328147 7925250 6123932 9442548 4545205 2652327 2229636 2470276 6736361 
799398 7988194 5709366 9212686 8354766 8344593 997463 186658 2815321 4550573 8436666 7368486 6082179 5236035 7465003 9399290 4624525 6402563 2660554 3385141 4658514 2150508 4749803 4302795 9066891 9718794 3511144 4012289 3700896 2186006 9018135 283822 
2472105 9153971 4333574 5895615 3416536 2675839 8636173 9074222 8270139 6645795 9194995 6396658 3604792 62354 5851872 8463369 1595490 3953119 9703886 6776956 9013310 6072051 1047137 7860121 3419289 9600710 1560646 2007046 9520401 7513475 7516950 2854298 
1061318 9298326 3662487 6114868 96569 1121889 5796673 5485000 411241 5898739 4658706 6121534 5861387 3858033 616143 4521863 9405290 3229042 5137017 4872934 9982439 8086521 8916248 7891082 512778 8743440 7994270 8720158 5186241 8708113 9766769 9479921 
7062891 1834755 8546767 6261417 3259217 5665393 6011213 1897404 2519346 9268853 3345365 6212963 2513606 785792 3003948 9644363 3345526 5200637 6627172 7158291 6858951 8406661 1468739 9135542 5767711 3319262 3023203 3066407 9725169 1026617 6685463 117181 
2958635 1363520 6342137 4362692 8286745 8789781 6249863 2630404 9137685 6621041 9306799 5770090 1792827 9298279 8962180 3826688 527518 7520672 1644960 3144016 2090666 604493 2891346 8933810 555977 6346119 2141855 8748643 587214 8036848 3549937 7016238 
8407094 1902008 1471900 3646319 2813656 4733965 5074865 9435358 3892258 7462783 8011636 3048896 5601667 4435645 2305892 3389411 5362648 2173819 3078942 8972587 2421154 9889348 4510823 5677228 3634412 7424656 9461687 4109455 9441450 3003600 9462613 1631670 
3433253 2758253 7285030 8857858 3297898 6593117 8720526 315264 7540151 9319751 1358801 5108119 8171364 2981589 3579530 9852100 8179336 561473 9785367 9115013 5289724 1183025 8450842 4447583 7351084 1758859 4573745 6459560 5770544 886165 2400572 1613690 
8332754 6240050 7066729 8720067 9927294 985901 8033488 3745487 6275312 5461925 6051199 1114041 6532522 1652205 9116119 4390525 2733877 1857772 4632358 8316799 1999005 6019859 2185721 9874622 5996070 8737032 2233428 2966020 9485881 8077595 1337542 3305736 
4172503 2139230 2891882 3234065 8788152 823189 7504662 9015477 8094063 8547042 5953864 4320679 5635266 1636107 7295039 894247 776437 6132813 9272212 3485691 5215814 2982211 6311797 7171662 6747137 5518826 774375 3957867 9722698 8659966 8937270 4852521 
4670969 8104430 3919766 4318167 3873797 6311389 4593661 3544844 761617 555212 464178 2154655 2958086 8487210 4696716 6079448 1972701 6139669 3998081 2491062 3987997 6894732 4300135 8246712 6149673 9806237 4557132 5257244 5104948 805175 5514745 9081448 
8087785 1038968 9160450 6761805 5768521 4201473 6858538 9281538 346456 4639862 8518113 4260487 9758362 4700088 1767078 8768220 6534970 5925450 6704199 3424193 20534 2796749 7610670 5597333 3182410 8704905 3967669 5108146 9372435 9654051 1491586 3239755 
1793031 7579135 7897431 8865218 7494693 123602 4972671 1202832 6469526 4762275 4383671 1496602 211350 5638075 2689258 3375619 373994 1055416 8571472 3987001 3572692 2878016 9063480 8183047 4938095 1379175 9028480 2986361 5506966 845078 2670742 5866854 
2299501 4405564 864315 4210437 3978726 6804216 5404754 2366217 1703605 8109614 517865 6459737 116446 7658808 4757765 7536229 7494282 7464551 3611099 9424715 4439146 155863 5341045 3374805 3640036 1427530 5201370 8103147 9625734 3242443 6187701 693176 
1737738 7088335 9432084 909899 6253998 8552558 8719377 8282000 9114787 571364 4678851 8557071 2850130 1511375 5439236 2255707 7974307 1639465 6347836 32183 8753323 3802784 1075387 9440641 3487043 2066972 4629539 5918837 6238212 9244084 6937181 2205052 
7960114 9976405 515137 208649 247362 1269213 336583 8362580 3965201 2351326 8366949 7909025 4941892 969264 5943103 1532135 8566525 6188672 893965 67629 3222352 3982193 7354461 7883518 1713803 8489838 1954718 9317309 9769644 9117923 5265847 5418536 
9167482 7844071 6682712 1729711 2913362 9818618 8041250 5745355 9813456 4320976 2926064 2930142 1300777 967197 1885701 4971391 12028 5764347 3604647 6301478 8980453 8537219 2571844 7562783 8883175 6376807 6480052 9234323 399654 6892183 9448005 7969312 
3801982 3406738 5022193 644716 7596261 4928941 9437356 7179740 9221323 7123413 5666305 1143958 2306063 8495703 4075943 3064718 2247973 1632128 496482 1771107 4406188 1655435 1369354 4111693 2271865 5631755 8634267 215419 7030878 3580704 5221491 821201 
2111626 792858 5604869 9212857 7622687 545421 7771747 8522384 7348730 7089190 7511980 479344 1511019 179784 9801595 3540276 2733888 3660184 12953 8425283 7640225 5660265 1216930 2345368 5883702 9387956 3780282 6802884 8745730 5911318 1640253 5306307 
9269585 1329653 8795657 8407315 7486684 3557272 365987 6857510 8709793 5955934 3597531 25854 27997 5121296 5537548 1075604 1372401 9412865 2204549 6100595 9740899 9104418 5325113 5078667 819321 5778201 8756305 1155 5109651 2373387 9606378 1676470 
7497958 6808936 9361500 2449584 7681988 3140218 93468 6760651 7453090 7202303 7244616 1602994 9824178 1723497 3768967 3799111 9567284 3328603 84406 9328723 3815584 4457365 4262923 4549345 1431101 2839273 7750100 7196377 7967239 8979925 2431806 8278665 
7597571 7673765 3256129 2929224 9725107 7224945 3245526 3005427 6117768 3083044 1190275 5421647 3266528 7655561 437072 8044567 503498 9499396 1067807 5631805 4690246 26219 7255322 5228232 9024197 7070633 6323543 6175047 1018226 8414662 5788613 3115157 
8684315 1449332 9457715 8058604 5027162 4699603 2060479 824701 7315949 3730652 3762279 7691729 4615627 6330001 6938905 5464618 5577346 7469227 2074872 1987993 6076246 3799998 6402595 1251617 7098833 7842115 545703 7987946 3347897 7934122 7791397 23998 
5721206 2649771 5407201 7322646 1668182 3841686 3456086 2942134 5394517 6477347 4303243 7961059 4304885 9785942 3777983 3363784 2448961 1902505 1122238 2016515 960541 3553587 8438094 6729478 6454530 1860796 3713714 2493796 5974682 6837525 8324859 3762568 
6847011 9059472 5516431 9340111 5944559 9154409 4569088 9611508 6552164 1787733 2278320 9639909 2398377 3061284 6731925 8874803 9522914 1484364 826683 3053312 6557400 515069 9295443 536425 6382292 2873160 4248245 2609599 9806641 4004882 311252 1867108 
50908 459091 5496356 4893064 679363 5467036 8843530 1538469 2070275 9592007 2419568 7456589 7271253 487557 5271147 3584735 4542196 4396495 7601923 4220105 7296870 1729279 1919152 1450318 809826 6713943 1148295 5264784 2186965 871258 1158231 2015105 
5873041 8123907 9897649 112503 1168271 5318551 6461939 8737482 9771048 140417 9506020 5142460 9892851 8969029 6262486 7149036 2340152 9666959 3989559 4340701 1481346 6110632 7780784 1985180 5864824 6630173 6459157 8714004 5285123 712220 4935690 5606216 
1412019 4287738 1892163 3727188 6613495 3715693 9630474 9382942 2042770 7450723 5134610 756732 8300438 8463137 5380766 3043421 3506376 6394015 9215891 2668726 4079997 5631938 6759238 5575252 8222111 1004217 9061908 3829719 6660461 5402662 1895131 1329960 
8632231 4089337 2854774 8884569 5010822 6748413 7263924 5995043 2008033 9237812 8962439 6412416 1355164 8597308 7180381 3673337 5363380 3140910 5136617 1261083 5686637 5982266 4742060 1870414 5718970 7352794 6106476 9222807 1459095 231432 184612 4594441 
2846954 9011196 2230346 9353307 3964989 7945183 4386214 6978280 8322541 1379153 2903420 6655180 1379220 393945 756725 8845885 8606942 1066318 3780161 8678807 2652559 4590378 2856910 2065298 3102015 4196286 4940784 9901805 9570819 6906013 8081682 9059153 
6727306 1938796 9219363 3853478 4413541 4475406 6498576 8487944 9882886 3217635 7504482 7617783 1367602 768703 1163638 6425651 2214197 8781855 8659937 942554 4605577 5495149 4853714 760371 3090192 2421591 7549311 8454188 453115 4494647 3590210 4244533 
264191 1147497 3138041 5929748 8404082 5721382 2313601 8742027 9095592 6842006 8452231 9707959 5112568 3543705 4789765 8243859 282430 5561626 202177 958781 3873148 7076484 4569999 2449844 70054 415217 8974809 8105696 9669095 544910 1329556 1463754 
9975483 5184527 502306 7626771 5954684 447464 5916697 5727584 8353152 5574247 587845 139664 5886351 2822934 1727453 1988295 4902906 3742612 7575605 4825333 7936163 6041629 2146295 8777623 1373316 9196400 4319691 5236929 2397340 7605566 3850684 2506324 
5489940 459109 1678482 1885674 9133522 7511733 1279028 3706589 1790519 6965721 6318805 1709409 8600586 5246455 5737060 4059518 4662134 3659791 2565376 90707 7967062 2425622 462188 8413693 5371633 5214012 3815073 7634860 8024249 6236077 4242721 4010109 
6803221 6666109 9393076 7976296 3777720 7338118 8584617 5999483 9229081 64497 4648383 1056474 8878054 8034733 7998862 3366253 9115818 7693308 8750057 5227114 6157731 4451001 1347905 3547817 4181750 634840 6794716 2753769 7602164 4430386 4632458 9742136 
8141433 4562935 4920529 4152310 9672849 7983504 6549080 5711813 5736524 5066958 6118547 3301372 9548429 966200 6179792 8042022 2851221 8108481 9327495 5555525 5969518 8542989 2903700 339480 8152655 693373 9031794 2993188 4651990 1291913 8872144 293310 
7576038 4901947 4290796 2285645 3883670 6214683 7870079 4036944 2752059 2729573 8605948 1680589 1079474 2493476 9546654 286775 6431446 7814673 6037939 326285 2441088 7317146 8603058 2993318 6172574 9276928 47627 2497588 4762774 6827618 6802313 7434139 
6435101 1869759 4880801 6636860 1162242 3981619 7069633 3905270 1698887 9601616 8031222 179026 2556059 5878215 5028018 9927873 3976862 5087117 5058488 447695 8425412 2823016 5201360 5959093 997397 5729996 5382825 1096339 2536951 864878 9145434 7455651 
2601310 1076093 5292907 9550435 6534091 5115758 817695 8284432 6427539 9669671 579845 4386521 1299934 3873382 5283013 8323750 5996670 4983617 6634499 3956639 4395836 8034476 4579696 1350488 8799697 5194577 7512039 388393 8961422 7106833 2693677 7155120 
2219743 3336356 4143494 2950485 5859916 3279513 1060278 4591755 8534079 4062303 9471877 6150079 9926489 3676178 7857144 2743822 9167588 1592205 7971331 350757 4768787 1997448 1161072 9374632 9118965 133134 725669 3399843 9768231 4201257 5456887 9330224 
933228 9761291 1263832 5045259 3192758 9049688 3238230 7868715 6314825 5572929 1071161 9344857 4592543 4301947 6285433 6067171 4767596 7599368 3402351 1050081 4306390 4443369 5795384 3185307 1977241 6530531 4915461 4042140 2893370 3511814 8520598 5142160 
4225092 4013144 3035620 4949149 3237779 9590252 6764518 8954479 8909162 5848189 4064203 3522998 6420809 7093039 6169321 5989389 9557152 9120888 3211630 5131440 8672582 5983707 8237989 9038122 5882154 1664618 5400243 2258858 6109369 6566290 8726807 2201850 
3082349 565289 1240350 9841380 7585325 8839216 8441044 4882862 2915706 94077 7764635 1407768 2213629 431107 9520180 3574307 8862585 2057826 5086515 8173905 5637845 3404618 2880104 9505597 2427966 2948993 1688034 8598531 1132290 9257580 6425601 3056196 
6628309 8839511 8759680 440346 2337465 369647 9681118 4056470 8295711 7663028 3995835 2194793 3250049 3614742 1746080 7204899 6775883 6550827 170705 8967514 1117198 5767061 7984804 8375766 6324998 8367009 6641616 5409373 1765726 5327439 3702084 2667173 
6027660 5426140 5089004 7009701 7231138 6391946 4257116 4351492 8765512 3337628 441213 7656571 9823002 7925016 6184924 1933715 6076952 6667181 9435478 7864412 7145054 3718650 6933093 1718020 4663402 3586292 6959575 4345789 7168594 5376718 6102733 4313594 
9340123 6036826 6210862 9503306 6166450 2689378 3557859 129373 5519479 6724502 361783 6591899 314676 7152337 4256402 6951905 355005 2570159 1291861 4754046 2487362 8932020 4385311 9961434 5736618 3107858 4615883 5553894 8343886 2779567 5801859 1845933 
6483264 9387217 7525055 1061311 821113 9248886 9648530 2241638 499787 2945053 7118490 3841349 4150172 9853067 9071087 4823638 4051992 7632741 2086685 7380705 592287 5578886 376004 6946866 57335 1946897 1794263 4387035 2852185 7153036 7656834 8237837 
1907764 1361685 8660633 8468562 7096792 5301330 5513670 8516614 6740623 9836553 7974005 1631371 2607562 4335660 3374430 5803843 9738695 6692459 896306 6322399 7312221 2633315 8603264 3195962 2439446 916365 897151 2815619 9175141 173947 1275693 8878752 
8423404 1977178 2930182 6979892 3200866 9732670 7239266 4832114 2346632 2259792 1482715 5239325 1654008 5574323 9282270 1484399 9562153 4068094 9880159 7988981 4361924 3054282 9353493 1684139 2106966 4514057 7136041 8988944 662276 5639607 7906117 4768745 
9269162 3991164 3813614 6392585 3727257 3376943 6781933 6957390 7014128 3297901 5604777 8427525 339588 2319235 6783644 9969414 3510533 6862548 9488396 3653161 7346905 4900198 2900288 7053558 2665108 7134741 5956229 1147591 9685272 1493835 2006752 3002034 
7968082 5632531 4125631 8936772 3819398 2590007 8601691 8288181 5398768 2003673 2361112 7985992 8360158 441888 3121619 1121150 7340411 3176222 6535318 1737298 3845268 266239 9113620 85015 246652 4267429 3550915 3421432 3131843 7557125 6672680 4887213 
6243874 7318224 7171825 9467696 2504133 5404445 6630085 3115039 2913701 8254094 5985334 4007180 2221024 3635427 5063042 543953 4557366 2869808 2797228 2315960 2746526 3225140 1834895 5416244 5896359 8815278 1093509 5501278 7930671 4325303 7113663 1933570 
